#,Song,Artist,Popularity,BPM,Genres,Parent Genres,Album,Album Date,Time,Dance,Energy,Acoustic,Instrumental,Happy,Speech,Live,Loud,Key,Time Signature,Added At,Spotify Track Id,Album Label,Camelot,Spotify Track Img,Song Preview
1,Backseat Heart,Ablebody,0,132,,,Adult Contemporaries,10/14/2016,4:57,62,77,1,13,71,0,10,-5,C♯/D♭ Minor,4,3/2/2017,7FeFr1Z58fPV8ZRJ20mTU3,Lolipop Records,12A,,https://i.scdn.co/image/ab67616d000048512f5e5a23cab1180d51f6b528
2,Falling Out,Real Numbers,0,119,,,Wordless Wonder,10/14/2016,3:41,49,76,76,25,76,0,0,-4,G Major,4,3/2/2017,3AR502ACz3STxT6MXoi61h,Slumberland Records,9B,,https://i.scdn.co/image/ab67616d0000485103b68e0e127dfe462133a9de
3,Get Closer,Gringo Star,5,147,atlanta indie,Rock,The Sides and in Between,8/26/2016,3:26,37,92,1,0,73,0,10,-4,C♯/D♭ Major,4,3/2/2017,4iL7zXw2cRoMmtprZHtqgr,Nevado,3B,https://p.scdn.co/mp3-preview/cdf4235bc3309a109485a0fc20d89501f29f5a04?cid=0dd13485836e45ac9134860ee53d835f,https://i.scdn.co/image/ab67616d00004851a8e1895927e188881834cc0f
4,Aeons,Chemtrails,0,170,london indie,Rock,Aeons,9/29/2016,3:31,27,91,0,80,45,0,10,-4,G Major,4,3/2/2017,7u0h3YWV24zGDMmmALRlzN,PNKSLM Recordings,9B,,https://i.scdn.co/image/ab67616d000048510dc8f64df8def373e42a58d8
5,Hollow,Desperate Journalist,2,140,garage psych,Folk/Acoustic,Hollow,10/14/2016,5:44,51,68,0,37,18,0,10,-9,E Minor,4,3/2/2017,4yHQh6RLjLI7CjG4QZerK5,Fierce Panda,9A,https://p.scdn.co/mp3-preview/b759593c30da1975e1461263421232184fdf7a71?cid=0dd13485836e45ac9134860ee53d835f,https://i.scdn.co/image/ab67616d00004851308c2da38ed955ac43011250
6,Queens,La Sera,0,162,noise pop,Pop,Queens,9/30/2016,4:13,42,68,2,51,71,0,30,-8,D Major,4,3/2/2017,3HUXLuczKe0WcmP8pFT3mO,Polyvinyl Records,10B,,https://i.scdn.co/image/ab67616d000048511278dcebc92cc70a41f8dc4b
7,(we used to feel) Higher,Little Children,0,94,swedish indie folk,Folk/Acoustic,(we used to feel) Higher,10/7/2016,3:59,57,62,23,11,35,0,10,-6,G Major,4,3/2/2017,2cScCkHrTfqDE021rp6eBf,Cosmos,9B,,https://i.scdn.co/image/ab67616d0000485165d0205928d184e7be9d62c1
8,Buck,SISTERS,0,104,,,Buck,9/14/2016,3:30,70,81,3,29,18,0,10,-6,C♯/D♭ Minor,3,3/2/2017,31GmGs2tXwiGiehnK32OVg,Sisters,12A,,https://i.scdn.co/image/ab67616d000048516ed1ff9a5d0f01ec2e0cdda6
9,Double Infinity,Springtime Carnivore,17,126,la indie,Pop,Midnight Room,10/7/2016,4:52,44,66,39,1,16,0,10,-6,E Major,4,3/2/2017,5DWUocNyE52MnBjUqDLVQ2,Autumn Tone Records,12B,https://p.scdn.co/mp3-preview/2fec98cbd1e3a467224984e28b794e621ab5293a?cid=0dd13485836e45ac9134860ee53d835f,https://i.scdn.co/image/ab67616d000048513525ba2609c82b320a811ce9
10,Julie's Place,Rolling Blackouts Coastal Fever,0,168,"indie rock, modern jangle pop","Rock, Pop",Julie's Place,11/2/2016,3:18,24,88,0,53,61,0,20,-6,B Minor,4,3/3/2017,5ndt9wq61LeGbnWikHKR90,Sub Pop Records,10A,,https://i.scdn.co/image/ab67616d00004851eb4db81496e93b2326632251
11,Radio Kids,Strand of Oaks,0,126,modern folk rock,Rock,Hard Love,2/17/2017,4:26,42,92,0,0,26,0,30,-2,E Minor,4,3/3/2017,5lDLrn39nvhFWEsabAX4zu,Dead Oceans,9A,,https://i.scdn.co/image/ab67616d0000485177e7c5fc2f662abd4ab42d32
12,Soothing,Laura Marling,0,143,"british folk, british singer-songwriter, chamber pop, singer-songwriter","Folk/Acoustic, Pop",Soothing,11/28/2016,4:16,68,30,42,8,55,0,10,-12,D Minor,4,3/3/2017,2QQGWZLoe4t19wkZ5nKOD9,More Alarming Records,7A,,https://i.scdn.co/image/ab67616d00004851746f95c3b5f0018ead493ce1
13,All You Have to Say,Aan,3,165,"experimental psych, portland indie","Folk/Acoustic, Rock",Dada Distractions,11/18/2016,3:36,40,76,0,12,50,0,0,-6,G Major,4,3/3/2017,37DlWzEBwydKEqQRJjIY6k,Party Damage Records,9B,https://p.scdn.co/mp3-preview/a7dba73b687a26cc9c412dfc033f37f7ce1c0236?cid=0dd13485836e45ac9134860ee53d835f,https://i.scdn.co/image/ab67616d000048519dfdcc72945a0b7442bf4ba3
14,Occupied,The Radio Dept.,12,125,"dream pop, lund indie, metropopolis, modern dream pop, nordic shoegaze, nu gaze, shoegaze, swedish indie pop","Pop, Rock, Electronic",Running Out Of Love,10/21/2016,7:19,66,72,2,81,74,0,0,-9,F#/G♭ Major,4,3/3/2017,6tHUIkZi3wtdAYF5ZHP4gw,LABRADOR (LBD),2B,,https://i.scdn.co/image/ab67616d00004851fb1ae2bbcd8ae738cfd8e36e
15,Hands up in the Air,Úlfur Eldjárn,0,91,"icelandic electronic, icelandic experimental","Electronic, Classical",Hands up in the Air,1/16/2017,6:38,59,66,18,88,9,0,10,-12,E Minor,4,3/3/2017,0l0MdHJZobJNHVlxfhHnh8,LabbRabb,9A,https://p.scdn.co/mp3-preview/cd9d2a68fc540942e050026a6bb85fef0ccbe2e2?cid=0dd13485836e45ac9134860ee53d835f,https://i.scdn.co/image/ab67616d00004851a4479241b8257b3181aa3f83
16,People,Little Scream,0,107,quebec indie,Rock,People,12/9/2016,5:22,58,80,12,0,64,0,10,-7,E Minor,4,3/3/2017,3plYlkHMV81X4CJwavDF1J,Merge Records,9A,,https://i.scdn.co/image/ab67616d00004851d24b26b72112f7ece5887be1
17,Talk to Me,Run The Jewels,0,127,"alternative hip hop, escape room, hip hop, political hip hop","Hip Hop, Pop",Run the Jewels 3,12/25/2016,2:31,71,69,4,0,72,20,30,-7,G Major,4,3/3/2017,0CBLqGc1esSZ5dM2gOZHsU,"Run The Jewels, Inc.",9B,,https://i.scdn.co/image/ab67616d00004851c48e082c2f19af0edf06f18a
18,Vice,"The Black Clouds,Mark Arm,Jack Endino",1,160,"new jersey punk, underground grunge","Metal, Rock",After All,1/13/2017,2:35,36,97,0,0,48,0,30,-8,E Major,4,3/3/2017,6fWFgvDBE9vCQz87lejEX7,Capacitor Records,12B,https://p.scdn.co/mp3-preview/9c630affc6cefca85c80b7954a1696af115279e9?cid=0dd13485836e45ac9134860ee53d835f,https://i.scdn.co/image/ab67616d00004851a8839d12835ea19bf04f4295
19,Louisville,Matt Pond PA,23,142,philly indie,Rock,Louisville,1/31/2017,2:56,56,62,8,71,63,0,0,-11,F#/G♭ Major,4,3/3/2017,2mhwsud3cbmiXOllma0Ct6,131 Records,2B,https://p.scdn.co/mp3-preview/bee989f8300e8c5b24e157ae7239312ff63f7a25?cid=0dd13485836e45ac9134860ee53d835f,https://i.scdn.co/image/ab67616d00004851fb32a237eff6239734943158
20,Star Roving,Slowdive,0,144,"alternative rock, dream pop, reading indie, shoegaze","Rock, Pop",Star Roving,1/13/2017,5:38,33,93,7,70,39,0,20,-5,A Major,4,3/3/2017,0eNeturRjWHoi2SxITY0XC,Dead Oceans,11B,,https://i.scdn.co/image/ab67616d0000485149540bb23679c6d7cbe83095
21,Radiator Face,Luxury Death,0,134,manchester indie,Rock,Radiator Face,8/17/2016,4:21,43,73,0,2,26,0,30,-5,G Major,4,3/3/2017,20QHqSUtlrAYSzhLxLwgUD,PNKSLM Recordings,9B,,https://i.scdn.co/image/ab67616d000048512d37c48683cae5aaeb4d33aa
22,Rebel Black,angelic milk,0,136,"russian indie, russian shoegaze","Electronic, Folk/Acoustic",Rebel Black,5/25/2016,3:08,39,92,0,46,48,0,20,-1,C Major,4,3/3/2017,7KfGHbGYVYOQL4HtWKxvsh,PNKSLM Recordings,8B,,https://i.scdn.co/image/ab67616d000048514bba4cfa42710a0c1a5a54df
23,Why?,Rudy Willingham,2,142,,,Why?,11/16/2016,5:38,46,75,1,26,32,20,10,-7,A#/B♭ Minor,4,3/3/2017,3KARwJFomEhuRh2UYZ5gaD,Rudy Willingham,3A,https://p.scdn.co/mp3-preview/e5b232d650efac317f134e5f025ce4e9dc4fb9d0?cid=0dd13485836e45ac9134860ee53d835f,https://i.scdn.co/image/ab67616d00004851dce90fca7e5038264ab033b7
24,Wires,JFDR,0,138,icelandic indie,Classical,Wires,2/7/2017,2:58,63,66,61,14,3,0,10,-19,D Major,4,3/3/2017,7bZ3oWkS4ESSZAFvmRnDxD,White Sun Rec,10B,,https://i.scdn.co/image/ab67616d0000485120ed2b1841746496584441ef
25,Have Some Love,Childish Gambino,0,148,"atl hip hop, hip hop, rap",Hip Hop,"Awaken, My Love!",12/2/2016,3:44,78,80,2,2,95,0,60,-6,E Minor,4,3/3/2017,5LTgI9VsuL3NKrv2WHBgNx,Glassnote Entertainment Group LLC,9A,,https://i.scdn.co/image/ab67616d000048510b97e56ffad7c6211aa848f8
26,Laura Lee,The Besnard Lakes,0,170,"canadian shoegaze, quebec indie, rock quebecois",Rock,The Besnard Lakes Are The Divine Wind,2/9/2017,3:47,27,88,0,39,47,0,10,-5,E Minor,4,3/3/2017,1ew6ZZWHcvJNneBbakCbPx,Jagjaguwar,9A,,https://i.scdn.co/image/ab67616d0000485183762ebc4a0329f66b9d71b0
27,Creepin’,Moon Duo,0,165,"neo-kraut, neo-psychedelic",Folk/Acoustic,Occult Architecture Vol. 1,2/3/2017,4:14,33,88,3,2,46,0,40,-7,G Major,4,3/3/2017,0kzaPm6botJiXqkYzsiZJD,Sacred Bones Records,9B,,https://i.scdn.co/image/ab67616d00004851881d2f23ba5b8932fac36422
28,The Man Who Made Himself a Name,Shelby Earl,0,114,,,The Man Who Made Himself a Name,2/6/2017,3:34,49,66,25,0,20,0,10,-6,A Major,4,3/3/2017,1WVcuZgAbgoQhrh7lpOzBS,Nine Mile Records,11B,,https://i.scdn.co/image/ab67616d0000485121860287ff19bd8c8391f5be
29,Bobby Fuller Died for Your Sins,Chuck Prophet,0,122,"alternative country, alternative roots rock, roots rock","Country, Rock",Bobby Fuller Died for Your Sins,2/10/2017,3:23,62,81,1,2,77,0,0,-3,A Major,4,3/3/2017,3I72ud24LlD37QxFCjC3Me,Yep Roc Records,11B,,https://i.scdn.co/image/ab67616d00004851ac75379cefcb8a8603584bea
30,Ensen Dhaif,Emel,0,120,"arab alternative, arab pop, tunisian pop","World/Traditional, Pop",Ensen Dhaif,10/7/2016,4:22,41,37,10,0,20,0,10,-11,E Minor,4,3/3/2017,5QQMjC0VpSiSdcEbQPwVBd,PTKF,9A,,https://i.scdn.co/image/ab67616d000048515fde017ac0619d8d20f4af50
31,Over the Rooftops,Tuomo & Markus,11,180,"finnish jazz, finnish soul","Jazz, R&B",Dead EP,2/12/2016,3:09,31,36,69,0,22,0,10,-11,B Minor,4,3/3/2017,0g8x2F1H1EoIsMtRqwtVxa,Grand Pop,10A,https://p.scdn.co/mp3-preview/642825624589d1013ea27381b2c3ac1a034cf75c?cid=0dd13485836e45ac9134860ee53d835f,https://i.scdn.co/image/ab67616d000048519d88df693b940335352becbc
32,Ramses the Evil Brother,The Holy,22,180,"finnish indie, finnish post-punk","World/Traditional, Metal",Ramses the Evil Brother,7/5/2016,4:34,38,71,0,43,18,0,0,-7,D Major,4,3/3/2017,35BqwFDe0CJA0Hg6QrBFLD,Playground Music Finland,10B,https://p.scdn.co/mp3-preview/4095b45ca3c1c2c0c6f44fe46bdb38591b70abc3?cid=0dd13485836e45ac9134860ee53d835f,https://i.scdn.co/image/ab67616d00004851679da92580700152b8d63636
33,London,Mega Bog,7,130,experimental indie,Folk/Acoustic,Happy Together,2/3/2017,2:58,68,63,28,71,64,0,20,-7,A Minor,4,3/3/2017,5RVCfj5R3kjKBtfFGjf45T,Nicey Music,8A,https://p.scdn.co/mp3-preview/cd112c86b3fa1207a16e50a4a4e7352ca1d4bb0e?cid=0dd13485836e45ac9134860ee53d835f,https://i.scdn.co/image/ab67616d0000485123247f2cb721ea3770cf7901
34,Do It Again,Lady Wray,0,96,,,Queen Alone,9/23/2016,3:59,57,61,22,0,78,0,10,-8,B Minor,4,3/3/2017,7cjbglDR6yec0j1gl92ApG,Big Crown Records,10A,,https://i.scdn.co/image/ab67616d0000485138b1c0864dac8e7f05401302
35,Tummy Ache,Diet Cig,11,120,"bubblegrunge, indie punk",Rock,Tummy Ache,1/12/2017,2:40,51,71,3,2,44,0,30,-8,D Major,4,3/3/2017,6sr6fEIGEih3o3YGj8RFtT,Frenchkiss Records,10B,https://p.scdn.co/mp3-preview/91a30a138caf9a948e061805ecd2734c3dd597c7?cid=0dd13485836e45ac9134860ee53d835f,https://i.scdn.co/image/ab67616d00004851bd4f38fad089d60ee26dab80
36,Sirens of Jupiter,The Olympians,0,93,instrumental funk,R&B,The Olympians,10/28/2016,3:42,55,71,11,11,89,0,0,-8,F Minor,4,3/3/2017,2yM6bVAkaJP5YzTBlAgUbK,Daptone Records,4A,,https://i.scdn.co/image/ab67616d0000485156e5aba68bb90ed1acbe64cb
37,Teasin',Hiccup,0,92,brooklyn indie,Rock,Teasin',1/13/2017,2:29,35,93,0,57,41,0,20,-7,D Major,4,3/3/2017,365KlU8qKefmi4dcdFgFoF,Father/Daughter Records,10B,,https://i.scdn.co/image/ab67616d00004851540db8ccb0a2d1cd27cdb1db
38,Something Inside,Weirdo Machine,0,96,,,Eagle,2/2/2017,5:16,48,85,0,0,56,0,10,-5,E Major,4,3/3/2017,29AGKiDz2yQ9xnjs63msY2,Weirdo Machine,12B,https://p.scdn.co/mp3-preview/5f5ba6a29499f60e4c21aa01b28609d6b91685ba?cid=0dd13485836e45ac9134860ee53d835f,https://i.scdn.co/image/ab67616d00004851728bcffa86a6e6acd74c1423
39,Nothing Feels Natural,Priests,0,146,"american post-punk, bubblegrunge, dc indie, indie punk, riot grrrl",Rock,Nothing Feels Natural,1/27/2017,3:59,31,69,1,87,31,0,0,-7,A Minor,4,3/3/2017,7jFM0wZch8oJVRVQMl2nvV,Dischord Records,8A,,https://i.scdn.co/image/ab67616d000048519dd63987b2d55059287135db
40,Back Pages,The Proper Ornaments,0,119,garage psych,Folk/Acoustic,Foxhole,1/20/2017,2:45,54,80,0,0,32,0,10,-6,C Major,4,3/3/2017,6ElcoBzYDiC1exJrxFKy70,Slumberland Records,8B,,https://i.scdn.co/image/ab67616d00004851b3ad25cee9b508391065246d
41,Sun Kids (feat. Mikaela Davis),"Spaceface,Mikaela Davis",18,100,"neo-psychedelic, rochester ny indie","Folk/Acoustic, Rock",Sun Kids (feat. Mikaela Davis),1/31/2017,5:50,41,47,77,20,21,0,10,-11,C Major,4,3/3/2017,0CVTV5FDVN2ywn3Lica1Ry,Spaceface,8B,https://p.scdn.co/mp3-preview/e0aa569e832992cadec5920b10c03a747a19b26c?cid=0dd13485836e45ac9134860ee53d835f,https://i.scdn.co/image/ab67616d0000485109ebb968c2b3f00360ad4f8c
42,Silver Velvet,The Courtneys,0,147,"bubblegrunge, indie punk, indie surf, vancouver punk",Rock,Silver Velvet,11/23/2016,3:00,40,89,36,0,85,0,0,-5,A Major,4,3/3/2017,52AcgbR1aYNgQTyk0bXx6t,Flying Nun Records,11B,,https://i.scdn.co/image/ab67616d00004851b61cc9a83afeca8c56f40807
43,Rosetta,Haiku Garden,4,158,slovenian indie,Electronic,Waver,5/12/2016,4:03,40,92,0,84,46,0,10,-7,B Major,4,3/6/2017,6wEeA6jb3CLBj8ZHRLK14N,Kapa Records,1B,https://p.scdn.co/mp3-preview/48b756df0eef309e535d0405eaa481ba5370d226?cid=0dd13485836e45ac9134860ee53d835f,https://i.scdn.co/image/ab67616d000048510fd2aee249226154a2d896b5
44,4:17,The Ills,5,190,slovak indie,Rock,Ornamental or Mental,4/20/2016,5:53,33,63,2,83,32,0,10,-8,C Major,3,3/7/2017,39YOgncbcs83sVX0wGUUZh,The Ills,8B,https://p.scdn.co/mp3-preview/e8b378f18ce61b265fecadbf811b76af988a7146?cid=0dd13485836e45ac9134860ee53d835f,https://i.scdn.co/image/ab67616d00004851478969addc624fa8f8ed1d5a
45,Devilishly,The Jack Wood,0,71,garage rock revival,Blues,Ritual,9/1/2016,3:05,35,96,1,0,24,20,40,-5,E Major,4,3/8/2017,0X99aMFPWhW0ycjpeTGAVD,The Jack Wood,12B,,https://i.scdn.co/image/ab67616d00004851b1066b5c4c3d27fad81c2be3
46,Bad Fanfiction,persons from porlock,2,150,slovenian indie,Electronic,Bad Fanfiction,12/7/2016,4:54,44,84,0,74,52,0,0,-7,A Major,4,3/9/2017,3Y5TqcVb7FtRx0b1Wjy0bD,641226 Records DK,11B,https://p.scdn.co/mp3-preview/df165103ca37459843632856ba2ac06ffd498997?cid=0dd13485836e45ac9134860ee53d835f,https://i.scdn.co/image/ab67616d000048519e4380e7d6c2f1ad59d284d9
47,Moving as One,LOYAL,16,114,"brighton indie, vapor soul","Rock, R&B",Moving as One,1/13/2017,5:26,71,84,0,7,48,0,10,-7,G Major,4,3/13/2017,13ZGf65qmFqTwWNjppn3f6,IAMSOUND,9B,https://p.scdn.co/mp3-preview/f574fd8ccc14bf9feaffc7ea9debdfcbaae1e372?cid=0dd13485836e45ac9134860ee53d835f,https://i.scdn.co/image/ab67616d000048512d5e942c9c3f8a2e086856a7
48,Only Songs,The Wild Reeds,0,108,"indie folk, new americana, stomp and holler",Folk/Acoustic,Only Songs,1/13/2017,4:36,58,74,8,0,58,0,10,-5,F#/G♭ Major,1,3/14/2017,4GbAYlr0NadVOs7yyVOaxu,"Dualtone Music Group, Inc.",2B,,https://i.scdn.co/image/ab67616d0000485194752f422ebdcdb66d700bc6
49,Mental Haven,Hater,0,131,malmo indie,New age,Mental Haven,11/10/2016,3:25,37,78,0,0,64,0,20,-4,F Major,4,3/15/2017,4PeWKkVFTL8w1eptc8jLUt,PNKSLM Recordings,7B,,https://i.scdn.co/image/ab67616d0000485190271608f12062724991ec81
50,Rican Beach,Hurray For The Riff Raff,0,116,"alternative country, chamber pop, folk, new americana, new orleans americana, queer country, stomp and holler","Country, Pop, Folk/Acoustic",The Navigator,3/10/2017,3:32,69,86,49,1,45,0,30,-7,A#/B♭ Minor,4,3/16/2017,7AQvKMpBr6U8KC9NZ7hX0N,ATO Records,3A,,https://i.scdn.co/image/ab67616d000048514b0734d81c17224d2408f795
51,Invisible,Minus the Bear,0,97,"indie rock, math pop, post-hardcore","Rock, Pop",VOIDS,3/3/2017,3:56,45,90,1,0,64,0,20,-4,D Major,4,3/17/2017,45MLgHmYPR1aZ6dIJ7hCdc,Suicide Squeeze Records,10B,,https://i.scdn.co/image/ab67616d0000485155afe8b80318554b77747d3d
52,Colour Of Water,Rose Elinor Dougall,0,130,brighton indie,Rock,Stellular,1/27/2017,4:56,44,88,0,56,23,0,30,-5,G Major,4,3/20/2017,5URfmqaIij8iAsMTNGp8KE,Vermilion Records,9B,,https://i.scdn.co/image/ab67616d000048515153e138bd26de898f5c3c23
53,Armija,Bernays Propaganda,3,135,"balkan post-punk, macedonian indie, macedonian rock","New age, Rock",Politika,3/14/2016,3:13,68,92,27,73,68,0,10,-6,C♯/D♭ Minor,4,3/21/2017,49orsHeZERFzU6dvDKM0Ty,Moonlee Records,12A,https://p.scdn.co/mp3-preview/118ffd913db6080f0dc7f2d1822b12e35f8eea2f?cid=0dd13485836e45ac9134860ee53d835f,https://i.scdn.co/image/ab67616d0000485168eee9755089827e632fe6ea
54,Doors Dance,Erki Pärnoja,0,83,estonian pop,Pop,Doors Dance,11/1/2016,3:31,25,65,3,97,33,0,10,-10,F Major,5,3/23/2017,6yeZVmEAXAgmDUddIWuo2t,Erik Lindström Music,7B,,https://i.scdn.co/image/ab67616d000048519354b928faa6abe34ca1f512
55,Show Me the Stars,Lydia Ramsey,1,168,,,Bandita,2/15/2017,4:24,19,34,5,0,10,0,20,-10,D Major,3,3/24/2017,1RkXE3KUCN7F9JI81l9WCf,Lydia Ramsey,10B,https://p.scdn.co/mp3-preview/6137d948936f95d189ee6db5538d359690f6b4c1?cid=0dd13485836e45ac9134860ee53d835f,https://i.scdn.co/image/ab67616d0000485141986ad6a8f58d2d23973f49
56,Sports,Fufanu,0,176,"icelandic indie, icelandic post-punk","Classical, Rock",Sports,9/12/2016,6:03,56,79,0,50,88,0,10,-9,G Major,4,3/28/2017,5QlYvnKkZ2kvjXEDTNyOzF,One Little Indian Records,9B,,https://i.scdn.co/image/ab67616d000048513892c7a3247ff19c3f8474d9
57,Lovely Storm,Brenda Xu,1,115,,,Overflow,3/24/2017,4:12,60,32,87,23,7,0,10,-12,A#/B♭ Minor,4,3/29/2017,0FgmeYDOX28bMAVNBJTg7Z,Brenda Xu,3A,https://p.scdn.co/mp3-preview/26d8bbf60f67147f1d8cfb54a671e83889a5060b?cid=0dd13485836e45ac9134860ee53d835f,https://i.scdn.co/image/ab67616d0000485181c35c5c7a261a5e29196a66
58,My Old Man,Mac DeMarco,0,149,"edmonton indie, lo-fi indie, pov: indie","Folk/Acoustic, Rock, Pop",My Old Man,1/31/2017,3:41,66,57,68,25,83,0,10,-11,C♯/D♭ Major,4,3/30/2017,1Cf943IKq0bhdBv4VfdOcd,Captured Tracks,3B,,https://i.scdn.co/image/ab67616d000048510628a70a74b3ce04fcae0685
59,Only One,Sera Cahoone,12,95,indie folk,Folk/Acoustic,From Where I Started,3/24/2017,3:17,52,71,68,0,68,0,10,-9,D#/E♭ Major,4,4/3/2017,0ahTrIsYWnX62xv2dVnkUP,Lady Muleskinner Records,5B,https://p.scdn.co/mp3-preview/38a7c30bfcac9c8eb07284107be8518b2b926a62?cid=0dd13485836e45ac9134860ee53d835f,https://i.scdn.co/image/ab67616d0000485188f2977fa1a68ad9768b7e75
60,Always The Right Time,Entrance,5,114,new weird america,Folk/Acoustic,Book Of Changes,2/24/2017,3:31,52,76,18,0,36,0,10,-5,C Major,4,4/3/2017,77sDBDePbpoGU7UjQTnOxB,Thrill Jockey,8B,https://p.scdn.co/mp3-preview/b40600a31cbfd945690380bcbfc0c179c5d93da5?cid=0dd13485836e45ac9134860ee53d835f,https://i.scdn.co/image/ab67616d00004851116069bb0cc31ac42d487c33
61,Dirty Rain,Andrew Combs,37,125,"nashville americana, new americana","Country, Folk/Acoustic",Dirty Rain,2/3/2017,3:12,45,26,83,0,37,0,20,-9,G#/A♭ Major,4,4/4/2017,6hNZ5O5riDfxd2wWNgkjVn,New West Records,4B,https://p.scdn.co/mp3-preview/2f7ce799894edb90489d0974ea71d72e266793f6?cid=0dd13485836e45ac9134860ee53d835f,https://i.scdn.co/image/ab67616d00004851be357b9bc9690d88c5c22833
62,1 Billion Dogs,Jay Som,0,75,"art pop, bay area indie, bubblegrunge, indie pop, oakland indie, small room","Pop, Rock",Everybody Works,3/10/2017,2:44,29,83,0,36,36,0,20,-5,F Minor,4,4/5/2017,1US5sDsfGVTASyDgb4BI30,Polyvinyl Records,4A,,https://i.scdn.co/image/ab67616d00004851a67f92d2c8e7eb0f0cda7855
63,Just a Cloud,"Lusine,Vilja Larjosto",0,75,"abstract, ambient idm, deep idm, electronica, intelligent dance music, microhouse, wonky, ","New age, Hip Hop, Electronic",Sensorimotor,3/3/2017,5:32,64,55,19,19,59,20,10,-11,G Major,4,4/6/2017,3geVgfR9vQFIBOg5CwhoVp,Ghostly International,9B,,https://i.scdn.co/image/ab67616d00004851ee54bc6892a8a08b7dee7e54
64,Mantra for a Struggling Artist,"Andrew Joslyn,Billy McCarthy",0,107,,,Awake at the Bottom of the Ocean,2/10/2017,4:06,56,84,15,22,22,0,10,-7,A Major,4,4/7/2017,34vdwp7IIyyQnGJ7PwHff3,Lux Finite Music,11B,,https://i.scdn.co/image/ab67616d0000485155e0ff4cbb5df5c780a4319b
65,Big Beautiful Day,PWR BTTM,0,183,queercore,Rock,Big Beautiful Day,2/14/2017,2:49,24,83,7,61,58,0,30,-5,C Major,4,4/10/2017,7Gu3UDnj9gR95DdOqZhLn3,Polyvinyl Records,8B,,https://i.scdn.co/image/ab67616d0000485131fecab4eddf381469060b91
66,Falling Down,Happyness,0,113,"english indie rock, garage psych, lo-fi indie","Rock, Folk/Acoustic",Falling Down,1/17/2017,5:11,26,70,0,78,40,0,10,-5,E Major,4,4/11/2017,6UvPL7QgnqTfKFjmeuiabb,Bar/None Records,12B,,https://i.scdn.co/image/ab67616d00004851c987609c6488e014add10e22
67,Charm Assault,Ride,0,150,"alternative rock, britpop, dream pop, oxford indie, shoegaze","Rock, Pop",Charm Assault,2/22/2017,4:12,39,88,0,72,31,0,50,-4,B Minor,3,4/12/2017,1YTzS6MECCbu4cs99kZwVB,Wichita Recordings,10A,,https://i.scdn.co/image/ab67616d000048512da341cbcb07961bdf98f318
68,Romance Distractions,Froth,0,175,"indie garage rock, neo-psychedelic","Rock, Folk/Acoustic",Outside (briefly),2/24/2017,4:21,28,70,0,51,11,0,0,-4,C Major,4,4/13/2017,3OOoe42Sl7MdMIR3SbhlW1,Wichita Recordings,8B,,https://i.scdn.co/image/ab67616d00004851f44193451242a8566c464a97
69,Cave Birds,J GRGRY,0,108,seattle indie,Rock,Gold Teeth + Glass Eyes,2/10/2017,3:07,71,53,2,0,71,0,10,-7,D Minor,4,4/14/2017,0r557EQXDuTGXBImU7T4T3,J GRGRY,7A,,https://i.scdn.co/image/ab67616d000048518990864b10864bb372266ea9
70,Sleepwalker,Julie Byrne,0,87,ambient folk,Folk/Acoustic,Not Even Happiness,1/27/2017,4:19,49,24,93,0,22,0,10,-14,F#/G♭ Major,4,4/17/2017,6ZBZBCJs3aKitgQroToYAs,Ba Da Bing!,2B,,https://i.scdn.co/image/ab67616d00004851f97718a7713ebea757b25230
71,Wrong for You,Molly Burch,0,124,countrygaze,Folk/Acoustic,Please Be Mine,2/17/2017,3:14,45,47,23,14,30,0,10,-8,A Major,4,4/18/2017,1WC39dqLdDIJrqrqau6hJF,Captured Tracks,11B,,https://i.scdn.co/image/ab67616d0000485147b3a81b57b5a212bb4b1ee1
72,Demon in Profile,The Afghan Whigs,0,117,"alternative rock, permanent wave",Rock,Demon in Profile,3/8/2017,3:24,60,80,3,25,20,0,10,-4,F#/G♭ Minor,4,4/19/2017,4vcX1ZSSGMSdOuDiZv2Box,Sub Pop Records,11A,,https://i.scdn.co/image/ab67616d00004851d09dfeb28902ab822994fc69
73,Pen To Paper,Brother Ali,0,140,"abstract hip hop, conscious hip hop, minnesota hip hop, political hip hop",Hip Hop,Pen To Paper,3/4/2017,2:18,69,57,32,0,62,70,0,-11,A Minor,4,4/20/2017,7vTRevw6TrjbFhlo1kmned,Rhymesayers,8A,,https://i.scdn.co/image/ab67616d000048516aa1bf998a59c9ac8e807962
74,Kismet,Posse,0,148,seattle indie,Rock,Kismet,3/10/2017,4:50,38,29,87,70,4,0,0,-12,F#/G♭ Minor,4,4/21/2017,7BxSbdU7n58QwTodwV1q5z,Saddle Creek,11A,,https://i.scdn.co/image/ab67616d000048514113667258b6166aea466b83
75,"Please, Let's Go Away",Trementina,0,122,"american shoegaze, chilean indie, indie shoegaze, latin shoegaze, nu gaze, shoegaze, shoegaze chileno","Rock, Latin",810,3/24/2017,3:18,46,71,1,68,54,0,50,-12,E Major,4,4/24/2017,7CtXWl2NkELexs5bN2QWoJ,Burger Records,12B,,https://i.scdn.co/image/ab67616d000048516fa491e18fb015b23d13bcf4
76,Restart,BNQT,0,125,,,Restart,1/26/2017,4:26,51,93,4,4,35,0,20,-5,D Major,4,4/25/2017,3v1iInCBrrCqjoHLQVEvDf,"Dualtone Music Group, Inc.",10B,,https://i.scdn.co/image/ab67616d00004851d43b63966c3422a30b4631f6
77,Anymore,Goldfrapp,27,114,"alternative dance, art pop, electronica, indietronica, neo-synthpop, trip hop","Rock, Pop, Electronic",Silver Eye,3/31/2017,3:54,66,74,0,3,42,0,10,-6,G#/A♭ Major,4,4/26/2017,5QUEfVhkdt6uCQscyf1EhS,Mute,4B,https://p.scdn.co/mp3-preview/0bed579f59ab7c736c934e000c5619fc337844c3?cid=0dd13485836e45ac9134860ee53d835f,https://i.scdn.co/image/ab67616d00004851419ed058f4974c4a71e8f5a1
78,Percolator,Charly Bliss,0,129,"bubblegrunge, indie punk, modern power pop","Rock, Pop",Guppy,4/21/2017,2:46,48,87,0,0,52,0,20,-4,B Major,4,4/27/2017,5bYtYaDbcVPOeEKL4Csy5A,Barsuk Records,1B,,https://i.scdn.co/image/ab67616d00004851a6b2e0a015ee9f10547027ab
79,Turn Around,LAKE,0,100,olympia wa indie,Rock,Forever or Never,4/7/2017,4:07,56,63,18,68,38,0,10,-9,F Major,4,4/28/2017,0hmEQMNRgCEC6SmvJL5cXg,Tapete Records,7B,,https://i.scdn.co/image/ab67616d00004851c65b1abb674a2737998a9711
80,Silver,Waxahatchee,0,137,"alabama indie, art pop, bubblegrunge, chamber pop, countrygaze, indie pop, indie rock","Folk/Acoustic, Pop, Rock",Silver,4/18/2017,3:24,42,93,0,7,31,0,10,-4,F Major,4,5/1/2017,1mS3MN6lTyKX2OxdO6zQvF,Merge Records,7B,,https://i.scdn.co/image/ab67616d000048513c24edff5da516f0fe2b5ff8
81,Witness,Benjamin Booker,0,171,"modern blues, modern blues rock","Blues, Rock",Witness,3/9/2017,2:57,40,77,11,0,35,0,10,-7,C Major,4,5/2/2017,1LdPEMcaQ2YV3qS53CbOVN,ATO Records,8B,,https://i.scdn.co/image/ab67616d000048512424f985e7c158daf99b1c22
82,Give Me an Answer,Low Roar,0,80,icelandic indie,Classical,"Once In a Long, Long While...",4/14/2017,3:43,54,49,28,0,47,0,60,-9,G Major,4,5/4/2017,1GGCu3X1KsJsGI6LadBe9R,Nevado,9B,,https://i.scdn.co/image/ab67616d000048518c4171c2088bf9f3f08bd2dd
83,Total Entertainment Forever,Father John Misty,0,158,"art pop, chamber pop, indie rock, singer-songwriter, stomp and holler","Pop, Rock, Folk/Acoustic",Pure Comedy,4/7/2017,2:53,35,76,19,0,52,0,10,-6,G Minor,4,5/4/2017,10tS3AWz8aUWArbnxIrUL6,Sub Pop Records,6A,,https://i.scdn.co/image/ab67616d000048519d191f625fe52cac86c7cd8d
84,Sand,Giungla,7,120,,,Sand,4/8/2016,3:28,59,80,82,25,30,0,30,-4,C♯/D♭ Minor,4,5/8/2017,2Aou7fNX67omfDQjwAKPIp,Factory Flaws,12A,https://p.scdn.co/mp3-preview/52a4cb3c74b2667fda9ffa4717575fbdc2b9e8d8?cid=0dd13485836e45ac9134860ee53d835f,https://i.scdn.co/image/ab67616d00004851b0a01bdcd75cb34262e5bd46
85,There Used to Be a Darkness,Mikko Joensuu,0,104,finnish indie,World/Traditional,Amen 2,11/11/2016,11:19,47,89,0,66,21,0,30,-9,G Major,4,5/9/2017,15gEniREhaTjW7LQdLn6jN,Svart Records,9B,,https://i.scdn.co/image/ab67616d000048510746d57cb9a664cbdf26fef8
86,Žal,Žen,5,145,croatian indie,Rock,Jantar,9/15/2015,3:37,57,74,0,23,35,0,20,-8,C Major,4,5/10/2017,3GMdINqF6aBxQIrG0SSqyh,unrecords,8B,https://p.scdn.co/mp3-preview/a0d38d4ea95c2b81cd12129feb91a6611831f071?cid=0dd13485836e45ac9134860ee53d835f,https://i.scdn.co/image/ab67616d00004851dfe53f3b679410105042cf5d
87,Silmät kiinni ja kädet ristiin,Teksti-TV 666,14,178,"finnish indie, finnish punk","World/Traditional, Metal",Silmät kiinni ja kädet ristiin,1/27/2016,4:41,14,91,0,1,49,0,30,-7,E Major,4,5/12/2017,3gUpfdY4ggeY47Bi0Sku2l,Playground Music,12B,https://p.scdn.co/mp3-preview/d7e3bba3208dfb512f6244c7de57e8590684514e?cid=0dd13485836e45ac9134860ee53d835f,https://i.scdn.co/image/ab67616d00004851dbf2146c53e7caf6f7df4020
88,Ombre,The Entrepreneurs,0,175,,,Tony Rominger,4/1/2016,3:43,20,91,0,1,10,0,10,-7,B Minor,4,5/12/2017,7aGPqPaVg53fsMTiYkJR3D,Like a Can of Beans Records,10A,,https://i.scdn.co/image/ab67616d0000485137b4ab34a4092e56443e6770
89,Halfway Home,Broken Social Scene,0,142,"alternative rock, baroque pop, canadian indie, canadian rock, indie rock, noise pop","Rock, Pop",Halfway Home,3/31/2017,4:41,44,95,0,1,42,0,10,-4,G Major,4,5/16/2017,7yauTJLoU0eX3KZR2fLJZ0,Arts & Crafts,9B,,https://i.scdn.co/image/ab67616d00004851af765eba577cb45f3d3a0abb
90,Ordinary Day,The Districts,0,143,lancaster pa indie,Rock,Ordinary Day,3/1/2017,4:45,39,64,0,0,49,0,10,-7,A#/B♭ Major,4,5/16/2017,51w3beFot84LYQyTTq5BcY,Fat Possum,6B,,https://i.scdn.co/image/ab67616d000048517fc6b0e328b9bbc8cbeed184
91,Interlopers,The Megaphonic Thrift,0,110,bergen indie,Electronic,Sun Stare Sound,4/7/2017,3:01,49,89,0,49,53,0,10,-5,C Major,4,5/17/2017,33a2biVxEA6MpuhYbe1muh,Old Flame Records,8B,,https://i.scdn.co/image/ab67616d000048515b508ecec9ca3e41df0df27d
92,What I Want,Cende,0,146,"indie punk, modern power pop","Rock, Pop",What I Want,4/21/2017,4:45,39,90,2,28,35,0,20,-6,G Major,4,5/18/2017,7Cg84GbvvQxKkZOXRjKQKw,Double Double Whammy,9B,,https://i.scdn.co/image/ab67616d0000485146c66af735ed4f1c1e01c320
93,Falling Eyes,Eyelids,0,119,"gbvfi, jangle pop","Rock, Pop",Or,5/5/2017,3:10,51,76,0,38,61,0,10,-8,C♯/D♭ Major,4,5/19/2017,24zqbSYjK4L3YAIjBc56ZU,Jealous Butcher Records,3B,,https://i.scdn.co/image/ab67616d00004851aaebeb72ac8d9f44aa98a9d9
94,Rain in Soho,The Mountain Goats,0,128,"anti-folk, chamber pop, folk punk, indie rock, lo-fi, melancholia, new weird america","Folk/Acoustic, Pop, Rock",Goths,5/19/2017,4:46,63,80,33,84,43,0,10,-9,F#/G♭ Minor,4,5/23/2017,3zmDm22r3qPLX9K91sagh2,Merge Records,11A,,https://i.scdn.co/image/ab67616d0000485121d7662c4df6b60d4a583142
95,Deranged,Chemtrails,0,85,london indie,Rock,Deranged,3/15/2017,3:30,38,85,0,1,51,0,10,-5,G Major,4,5/24/2017,1MB0FuhXsWiF1j7s1BvWas,PNKSLM Recordings,9B,,https://i.scdn.co/image/ab67616d00004851a29e9dbeba001549560e6c56
96,Good With God,"Old 97's,Brandi Carlile",0,130,"alternative country, dallas indie, roots rock, acoustic pop, ectofolk, folk, indie folk, lilith, modern folk rock, new americana","Pop, Country, Folk/Acoustic, Rock",Graveyard Whistling,2/24/2017,3:55,46,96,0,0,27,0,10,-6,F Minor,4,5/25/2017,6B7uQCTsW7AWryMbeyB9Q1,ATO Records,4A,,https://i.scdn.co/image/ab67616d000048517e14aaf8272dacbe86e96f77
97,Different Now,Chastity Belt,0,125,"bubblegrunge, indie punk, indie rock, indie surf, noise pop, seattle indie","Rock, Pop",Different Now,3/8/2017,3:48,65,68,10,0,36,0,10,-7,F Major,4,5/26/2017,5tA5shSEKB44zDYKkLfTOx,Hardly Art,7B,,https://i.scdn.co/image/ab67616d00004851d39781b8b818c9608897d899
98,To Know Your Mission,"Jens Lekman,Loulou LaMotte",0,140,"chamber pop, gothenburg indie, swedish indie pop, swedish singer-songwriter, swedish folk pop","Pop, Electronic, Folk/Acoustic",Life Will See You Now,2/17/2017,4:56,54,49,5,0,43,0,10,-9,D Major,4,5/29/2017,0u5bIXVdk8XYXt0zfM5Kuc,Secretly Canadian,10B,,https://i.scdn.co/image/ab67616d0000485173f440112952e13eef9cabf9
99,Somos Chulas (No Somos Pendejas),Downtown Boys,0,135,rhode island indie,Rock,Somos Chulas (No Somos Pendejas),3/14/2017,3:24,40,96,5,4,34,10,10,-4,C Minor,4,5/31/2017,5O1TsvideGFvYZVQer1w0g,Sub Pop Records,5A,,https://i.scdn.co/image/ab67616d00004851af9cccbf29cedb1078bd0b57
100,The Stack,White Reaper,0,135,"indie punk, louisville indie, modern power pop","Rock, Pop",The World's Best American Band,4/7/2017,2:45,59,95,15,0,62,0,10,-2,C♯/D♭ Major,4,6/1/2017,5azdR0MZxdZjGtb6tFLEav,Polyvinyl Records,3B,,https://i.scdn.co/image/ab67616d00004851cc74bad729044e7db2b3960a
101,Storms,Louise Burns,15,81,vancouver indie,Rock,Young Mopes,2/3/2017,4:28,44,95,2,0,56,0,0,-4,G Major,4,6/2/2017,16MwIh193ea50Fpnne5dUd,Light Organ Records,9B,https://p.scdn.co/mp3-preview/7348a7a5b65b586f8626312cf82e51b70797c869?cid=0dd13485836e45ac9134860ee53d835f,https://i.scdn.co/image/ab67616d00004851f111fa49605594ffa3990940
102,Overboard,Lo Tom,0,180,,,Overboard - Single,5/11/2017,2:56,46,74,0,0,57,0,30,-4,A Minor,4,6/5/2017,5S4DBi6UpXlVMGMwml09Zn,Barsuk Records,8A,,https://i.scdn.co/image/ab67616d00004851b961b14112ca578c8b45dd85
103,Bound,Do Make Say Think,0,126,"canadian post-rock, double drumming, instrumental post-rock, post-rock",Rock,Stubborn Persistent Illusions,5/19/2017,4:49,34,46,27,91,5,0,20,-12,C Major,4,6/6/2017,06SjH78UQlDq4y9iiWoLp2,Constellation,8B,,https://i.scdn.co/image/ab67616d000048510bcddf664db81a5959064b9b
104,You’re Welcome,Wavves,0,115,"indie garage rock, indie rock, indie surf, lo-fi, noise pop, noise rock, nu gaze, san diego indie, surf punk","Rock, Pop",You’re Welcome,5/19/2017,3:00,54,63,0,0,22,0,10,-5,D Major,4,6/7/2017,400PdC8w7nzIh2vqalEbSA,Ghost Ramp,10B,,https://i.scdn.co/image/ab67616d00004851506dfec247e65cb63e063d6f
105,Nocturne,Mark Lanegan,0,120,"acoustic rock, palm desert scene",Rock,Gargoyle,4/28/2017,4:22,50,85,4,67,55,0,10,-5,D Minor,4,6/8/2017,1fkilLmd9tkYGEYDQP50nd,Heavenly Recordings,7A,,https://i.scdn.co/image/ab67616d00004851deaff256c2c8328e68bf1123
106,Teen Challenge,Great Grandpa,0,99,"5th wave emo, bubblegrunge, diy emo, indie punk, seattle indie",Rock,Teen Challenge,4/28/2017,3:48,34,81,5,1,45,0,10,-5,A Major,4,6/9/2017,1sfPTPGbpPSh69xwa4yt7C,Double Double Whammy,11B,,https://i.scdn.co/image/ab67616d000048511c4ff29f8ad8b08b6641f851
107,Currency,The Black Angels,11,146,"garage rock, modern blues rock, neo-psychedelic","Rock, Folk/Acoustic",Death Song,4/21/2017,5:16,45,85,0,8,12,0,10,-5,F Major,4,6/12/2017,3lrtTTdZWXoF8Uzq0g7H8p,PTKF,7B,,https://i.scdn.co/image/ab67616d000048514d70679b0f0aa60905fb75f2
108,Walkie Talkie,Palm,0,175,philly indie,Rock,Walkie Talkie,4/26/2017,2:33,25,92,0,82,74,0,10,-5,D Major,3,6/13/2017,5mydom1Ta776X4XTLHjjXz,Carpark Records,10B,,https://i.scdn.co/image/ab67616d000048515d5ea4e1e4d855fbb089c511
109,Trams (Stole My Love),Spiral Stairs,0,121,"gbvfi, lo-fi",Rock,Doris and the Daggers,3/24/2017,5:35,51,93,1,33,42,0,20,-6,B Minor,4,6/14/2017,44HurPiFabChrPMPqd6b11,Nine Mile Records,10A,,https://i.scdn.co/image/ab67616d00004851f99c76ffb4bb55fd04453ebd
110,Still Counts (feat. Spank Rock),"POLIÇA,Spank Rock",0,94,"indietronica, metropopolis, bmore","Pop, Electronic",Lipstick Stains / Still Counts,4/11/2017,3:49,65,49,8,0,4,0,10,-9,D Major,4,6/15/2017,3oE4D0Z64pWYFADBeVDuGF,Memphis Industries,10B,,https://i.scdn.co/image/ab67616d0000485132c5ab9282352ab43c499a39
111,Nünü,Emma Lee Toyoda,2,82,,,Sewn Me Anew,12/17/2016,2:05,40,47,89,75,39,0,10,-9,G Major,4,6/16/2017,1baH1vuoIhYLjXY4vaHl6k,Make Fart Records,9B,https://p.scdn.co/mp3-preview/5d2ae455e443b020db8ce913443184a1860ea881?cid=0dd13485836e45ac9134860ee53d835f,https://i.scdn.co/image/ab67616d00004851a553c13f26eab67dce38bedd
112,Survival,Adult Mom,0,91,"bubblegrunge, small room, transpop","Rock, Pop",Momentary Lapse of Happily,7/28/2015,2:49,61,57,42,4,88,0,20,-8,D#/E♭ Major,4,6/19/2017,2w0nIRl9BhixD3DcS1Mz3g,Tiny Engines,5B,,https://i.scdn.co/image/ab67616d00004851814985a73a82b867b65b6415
113,Smoke 'Em Out,"CocoRosie,ANOHNI",0,140,"art pop, folktronica, freak folk, new weird america, chamber psych, experimental pop, metropopolis, transpop","Pop, Folk/Acoustic, Electronic",Smoke 'Em Out,1/17/2017,4:44,76,72,55,1,63,20,10,-8,A Minor,4,6/20/2017,60TqLvuwYBpnN5nkUMYDvV,CocoRosie,8A,,https://i.scdn.co/image/ab67616d0000485157c0acf5d492a7c9f0d26b58
114,How to Boil an Egg,Courtney Barnett,0,174,"art pop, australian indie, chamber pop, indie pop, indie rock, melbourne indie, noise pop, singer-songwriter","Pop, Electronic, Rock, Folk/Acoustic",How to Boil an Egg,5/16/2017,3:52,38,77,0,0,76,0,0,-7,D Major,4,6/21/2017,1383Zu1y2abieQqFBkTK6c,House Anxiety / Marathon Artists,10B,,https://i.scdn.co/image/ab67616d0000485147789ef4372cc19c1b656e61
115,Heart Basel,The Drums,44,100,"brooklyn indie, indie surf",Rock,Abysmal Thoughts,6/16/2017,4:42,66,65,10,2,47,0,0,-7,A Major,4,6/22/2017,4pPwYE2hoyDWfdyFt7FNJZ,Anti/Epitaph,11B,https://p.scdn.co/mp3-preview/741621be3f50d02a3e01fc9042fb4c012de4ada0?cid=0dd13485836e45ac9134860ee53d835f,https://i.scdn.co/image/ab67616d000048511dac750f0cef6ca2615cb2db
116,Linda Blair,Little Star,1,147,portland indie,Rock,Little Star,4/14/2017,2:56,47,87,0,25,45,0,10,-5,C Major,4,6/23/2017,38yBHlrNGa6UKF6sDyfDEy,Good Cheer,8B,https://p.scdn.co/mp3-preview/05d6f7fb86246301de169b7f483a2a85b3f10dfe?cid=0dd13485836e45ac9134860ee53d835f,https://i.scdn.co/image/ab67616d00004851bf071e6b4a13bdb8cc0e0607
117,Cumberland Gap,Jason Isbell and the 400 Unit,39,161,"alternative country, folk, new americana, roots rock","Country, Folk/Acoustic, Rock",The Nashville Sound,6/16/2017,3:24,27,91,0,4,38,10,10,-8,B Minor,4,6/26/2017,5kIAr777wX9wvEC0aVEleQ,Southeastern Records,10A,https://p.scdn.co/mp3-preview/961a739f36221a9d2c9a15307040b944f44b3ed1?cid=0dd13485836e45ac9134860ee53d835f,https://i.scdn.co/image/ab67616d000048518aac8a5f5e60ea65ec028392
118,Machinist,Japanese Breakfast,0,125,"art pop, eugene indie, indie pop, indie rock, philly indie","Pop, Rock",Machinist,5/5/2017,3:37,57,72,2,14,14,0,40,-7,A Minor,4,6/27/2017,7HXfMFsrVmUQqjhBuLsZtY,Dead Oceans,8A,,https://i.scdn.co/image/ab67616d00004851336979e7ea8ac094835f6d73
119,My Bark Is Your Bite,Blaenavon,0,154,english indie rock,Rock,That's Your Lot,4/7/2017,3:35,54,86,7,3,60,0,20,-5,D Minor,4,6/28/2017,5iTyuRBQbsbaW0jPlmFP97,Transgressive,7A,,https://i.scdn.co/image/ab67616d00004851a6c54086647a9b71d3f000ef
120,Anymore,The Pains Of Being Pure At Heart,0,120,"dream pop, metropopolis, modern dream pop, noise pop, nu gaze, shoegaze","Pop, Electronic, Rock",Anymore,5/15/2017,3:43,55,78,0,4,31,0,20,-7,G Major,4,6/29/2017,4eZaKlrIlVVT5e6wLZZ99s,"Painbow Music, Ltd.",9B,,https://i.scdn.co/image/ab67616d000048518ae05d46c0c2be6b6f2ad3e3
121,Quit,Briana Marela,0,92,oakland indie,Rock,Quit,5/16/2017,3:31,46,66,55,94,32,0,10,-8,B Minor,4,6/30/2017,4I2tOzQMEIWzPpS5DzaXyw,Jagjaguwar,10A,,https://i.scdn.co/image/ab67616d00004851eb7697739ccdeeb2df6574e2
122,A Year from Here,Lea Porcelain,0,120,german post-punk,Rock,HYMNS TO THE NIGHT,6/16/2017,3:37,43,67,12,28,10,0,0,-7,A#/B♭ Major,4,7/3/2017,6eLlY1OI4nzhSbU9WFfAug,Lea Porcelain Recordings,6B,,https://i.scdn.co/image/ab67616d000048513cc9af62bc2e183b07737c70
123,Oh Oh,Shout Out Louds,10,123,"swedish alternative rock, swedish indie rock",Rock,Oh Oh,4/21/2017,3:33,57,81,8,5,43,0,10,-7,D Major,4,7/4/2017,2weVCY3OxFOawCrcLFEpvj,Columbia,10B,https://p.scdn.co/mp3-preview/05142f152fa499b036847426f911f80887b9af8e?cid=0dd13485836e45ac9134860ee53d835f,https://i.scdn.co/image/ab67616d000048514313566f2371d9534a6daf6f
124,This Year,Beach Fossils,0,145,"brooklyn indie, indie garage rock, indie rock, indie surf, popgaze, shoegaze","Rock, Folk/Acoustic",Somersault,6/2/2017,2:48,50,79,0,5,34,0,20,-7,G Minor,4,7/5/2017,1TFjgmDNqtfw2R0ruYZkUI,Bayonet Records,6A,,https://i.scdn.co/image/ab67616d000048514f5dd456ecd31eb5c17d0b07
125,Full of Men,Ulrika Spacek,21,126,"crank wave, garage psych, neo-kraut, neo-psychedelic, reading indie","Rock, Folk/Acoustic",Modern English Decoration,6/2/2017,4:36,63,78,1,74,37,0,0,-7,B Minor,4,7/9/2017,6Z7Srcct3Aa3CKl3rNzZYJ,Tough Love Records,10A,https://p.scdn.co/mp3-preview/860cebf79def7ce9f9af2b7d0e96f8e7ff91f596?cid=0dd13485836e45ac9134860ee53d835f,https://i.scdn.co/image/ab67616d0000485190ada8b105204772a5fa38a6
126,Stranger,Peyote Ugly,4,114,seattle indie,Rock,Peyote Ugly EP,4/12/2017,4:36,41,52,6,52,45,0,10,-8,G#/A♭ Minor,5,7/9/2017,6P8Av0T3v6N5hFsYwmYDT8,668417 Records DK,1A,https://p.scdn.co/mp3-preview/09f4ef33dc79981287bb39083dd622bd61935332?cid=0dd13485836e45ac9134860ee53d835f,https://i.scdn.co/image/ab67616d0000485179fa9b93266267bbd033256e
127,Exhumed,Zola Jesus,0,150,"art pop, dark pop, grave wave, metropopolis, neo-synthpop, noise pop, spectra","Pop, Electronic",Exhumed,6/7/2017,3:45,42,62,0,3,6,0,0,-8,C Major,4,7/11/2017,77uKFArSHHnobx3ghWq35e,Sacred Bones Records,8B,,https://i.scdn.co/image/ab67616d0000485109f6e040eab0d733a9685c6d
128,Hey Muse!,The Suburbs,11,120,minneapolis indie,Rock,Hey Muse!,6/23/2017,3:51,56,94,0,75,66,0,10,-5,C Major,4,7/12/2017,1X1RJEwECRS3PylrvidKBv,Suburbs Music,8B,https://p.scdn.co/mp3-preview/a17a4d1b70738cd3e10d3b9d2aae56f1da76cd3d?cid=0dd13485836e45ac9134860ee53d835f,https://i.scdn.co/image/ab67616d00004851fdfb996686a50d1115fd0605
129,Lower Worlds,Rainer Maria,0,78,"emo, emo punk, midwest emo",Rock,Lower Worlds,6/2/2017,3:50,37,89,1,0,30,0,10,-6,C♯/D♭ Major,4,7/13/2017,0M7DiVky5bUyOmDnAWnnl7,Polyvinyl Records,3B,,https://i.scdn.co/image/ab67616d000048516a9244d00574a071d563d3eb
130,Light It Up (Let It Burn),Pickwick,10,110,seattle indie,Rock,LoveJoys,7/7/2017,3:47,58,83,1,70,49,0,20,-4,A Minor,4,7/14/2017,4tr9NpkSJoLp5XkHINelf0,Small Press Records,8A,https://p.scdn.co/mp3-preview/db9079767b70f998daec658771b53f70bbfaf24b?cid=0dd13485836e45ac9134860ee53d835f,https://i.scdn.co/image/ab67616d00004851298227327d0b76041c849ba0
131,Good Thing,Michael Nau,0,107,baltimore indie,Rock,Some Twist,6/16/2017,3:29,57,41,88,43,51,0,10,-11,B Major,4,7/17/2017,3lLqyYY1a0LUvQcNU9Dqjz,Full Time Hobby,1B,,https://i.scdn.co/image/ab67616d00004851de4ff7fe30ddbf3322f2b0ef
132,Voter,Songhoy Blues,0,102,malian blues,Blues,Résistance,6/16/2017,3:19,46,72,1,3,74,0,10,-8,G Major,4,7/18/2017,3OKIVmsBXbdWoKFc0LVjOA,Transgressive,9B,,https://i.scdn.co/image/ab67616d0000485179d73d21a2527099bace6426
133,The Moon Will Never Turn on Me,Mammút,0,152,"icelandic post-punk, icelandic rock",Rock,Kinder Versions,7/14/2017,4:01,44,52,0,0,28,0,20,-10,G Major,4,7/19/2017,6Joz9mHP6Z2Piana9xI6DT,Bella Union,9B,,https://i.scdn.co/image/ab67616d00004851176cef8496ab01f4221bb3c8
134,Trying Year,Captain We're Sinking,0,133,"alternative emo, orgcore",Rock,The King of No Man,6/23/2017,3:29,48,80,1,0,83,0,30,-7,B Major,4,7/20/2017,2iDnjMyTkWWwwnSGSZCO6O,"Run For Cover Records, LLC",1B,,https://i.scdn.co/image/ab67616d0000485142cea8abd83a2493aea37c0c
135,Velvet Noose,Thunderpussy,0,129,"modern hard rock, seattle indie",Rock,Velvet Noose,5/8/2017,3:44,49,87,3,0,56,0,0,-5,A Major,4,7/21/2017,3OrD7m6W5t4cbxoi7LDQhx,HockeyTalkter Records,11B,,https://i.scdn.co/image/ab67616d00004851f5b9924c5e141a6577d9e7d4
136,Two Man Gang,Les Big Byrd,0,130,"neo-kraut, stockholm indie, swedish indie rock, swedish psychedelic rock","Folk/Acoustic, Pop, Rock",Two Man Gang,5/19/2017,5:42,59,89,1,4,33,0,10,-6,A Major,4,7/24/2017,0vIRMyEEDErVychwk96cBf,PNKSLM Recordings,11B,,https://i.scdn.co/image/ab67616d00004851c4b76d6ce25e04113586b4d8
137,Come to Me Now,Kevin Morby,0,112,"chamber pop, indie rock, kc indie, modern folk rock","Pop, Rock",City Music,6/16/2017,4:51,33,49,50,27,8,0,10,-10,G Major,5,7/25/2017,5h1WO9jqXhQ9e1vs63ctxZ,Dead Oceans,9B,,https://i.scdn.co/image/ab67616d00004851c88257b85d988d6069bebce9
138,Rainbow City,Cloud Control,0,88,"australian indie, australian indie folk, australian indie rock","Electronic, Folk/Acoustic, Rock",Rainbow City,5/1/2017,3:09,55,76,1,0,32,0,10,-6,D Major,4,7/26/2017,5TCqcUeZYLJ9RYXtV1gkrG,Ivy League Records,10B,,https://i.scdn.co/image/ab67616d00004851107542db340a9dae7e514c87
139,Locked Out,Daddy Issues,0,175,"bubblegrunge, indie punk, riot grrrl",Rock,Deep Dream,5/19/2017,3:43,23,53,3,0,21,0,30,-8,G#/A♭ Major,4,7/27/2017,1PgvtdIm8alpjP8Y926Fwl,Infinity Cat Recordings,4B,,https://i.scdn.co/image/ab67616d00004851363ffd4b37b2f2008da77336
140,Siren,Charms,0,103,post-disco soul,R&B,Human Error,6/16/2017,3:04,43,88,0,9,16,0,10,-8,D Major,3,7/28/2017,37uL64hzRAvk3d0RAkolkZ,Killroom Records,10B,https://p.scdn.co/mp3-preview/e51f12e5ee02179b6fe84da9b279ae2216d8ed79?cid=0dd13485836e45ac9134860ee53d835f,https://i.scdn.co/image/ab67616d0000485195e7eac82b82d0f64a51e84c
141,Cosoco,Juana Molina,0,156,"argentine indie, electronica argentina, experimental pop, folktronica","Latin, Pop, Folk/Acoustic",Halo,5/5/2017,4:57,61,61,92,90,88,0,10,-11,D Major,1,7/31/2017,6gl415LoFCn0s62HmNgIyg,Crammed Discs,10B,,https://i.scdn.co/image/ab67616d000048515d41bcb023edfd74f4f9c5f3
142,In Undertow,Alvvays,0,117,"art pop, chamber pop, dream pop, dreamo, indie pop, indie rock, noise pop, shoegaze, toronto indie","Pop, Rock",In Undertow,6/7/2017,3:17,37,69,0,0,27,0,10,-3,C♯/D♭ Major,4,8/1/2017,4fh4Zjs8KY4LfVUf3JnweG,Transgressive,3B,,https://i.scdn.co/image/ab67616d000048516f852abae309a471520e8f09
143,Djoukourou,Oumou Sangaré,20,147,"afropop, malian blues, mande pop, wassoulou, world","Pop, Blues, World/Traditional",Mogoya,5/19/2017,4:09,66,87,54,0,81,10,0,-6,F Major,4,8/2/2017,7aj1vn1mytoQja2c1iojSI,No Format!,7B,https://p.scdn.co/mp3-preview/ed32f67145c8320996507e234b2b4d64cb8d7713?cid=0dd13485836e45ac9134860ee53d835f,https://i.scdn.co/image/ab67616d00004851c3eadc2ed20969324c007af2
144,16 Psyche,Chelsea Wolfe,18,158,"dark pop, doomgaze, gaian doom, sacramento indie","Pop, Metal",16 Psyche,6/14/2017,4:18,29,59,0,74,4,0,10,-6,C Minor,4,8/3/2017,01il5YrqZZiptglvAmcMrW,Sargent House,5A,https://p.scdn.co/mp3-preview/ace7ab5296a5130ef94355ff4888f9d50c7594c2?cid=0dd13485836e45ac9134860ee53d835f,https://i.scdn.co/image/ab67616d0000485169a03b0246e50cc00994cf9c
145,Bleed Over,Mhostly Ghostly,1,92,,,A Faceless Fiction,7/24/2017,6:26,69,65,2,55,50,0,20,-9,A Major,4,8/4/2017,2JofEsOyxup3Wrn3jK5uIt,Mhostly Ghostly,11B,https://p.scdn.co/mp3-preview/99ede1ccb0375d195f9e821b242170df9409ca78?cid=0dd13485836e45ac9134860ee53d835f,https://i.scdn.co/image/ab67616d000048512039bb763db406af7f90c7ee
146,New Thing,Lee Ranaldo,0,172,no wave,Rock,New Thing,7/19/2017,6:48,32,62,57,1,25,0,40,-8,D#/E♭ Major,4,8/7/2017,3bkFbteDzeKzvMltSJbVvo,Mute,5B,,https://i.scdn.co/image/ab67616d00004851cd7fa600ec3200808c3d2f95
147,Shark Smile - Edit,Big Thief,0,131,"art pop, brooklyn indie, chamber pop, countrygaze, indie pop, indie rock, small room","Pop, Rock, Folk/Acoustic",Shark Smile (Edit),5/8/2017,3:14,69,74,8,64,67,0,10,-9,F#/G♭ Minor,4,8/8/2017,4rCrSoFxqRFmnHQyFGlkbA,Saddle Creek,11A,,https://i.scdn.co/image/ab67616d000048519135c802a3e5ad827fb23ed7
148,Tough,Sam Coffey and The Iron Lungs,0,145,"garage rock revival, toronto indie","Blues, Rock",Sam Coffey & The Iron Lungs,7/28/2017,3:57,41,91,0,1,52,10,0,-4,D Major,4,8/9/2017,4jXvkF0rcsy0QkAuoLlXoj,Dine Alone Music,10B,,https://i.scdn.co/image/ab67616d000048512fc680e87a7f6bc1de3ddb53
149,Meet Me in the Street,Sheer Mag,0,154,"indie punk, indie rock, philly indie",Rock,Need to Feel Your Love,7/14/2017,3:11,59,91,2,90,72,0,60,-5,D Major,4,8/10/2017,162MxecfWmstm59Udyya4S,Sheer Mag LLC,10B,,https://i.scdn.co/image/ab67616d00004851795f90a17bb3459d723d9514
150,Time to Live,Ariel Pink,5,131,"art pop, chamber pop, chillwave, dream pop, experimental pop, hypnagogic pop, la indie, neo-psychedelic, new weird america, noise pop","Pop, Rock, Folk/Acoustic",Time to Live,7/11/2017,5:43,41,86,0,28,29,10,20,-7,D Major,4,8/14/2017,4yrrakpoD8bTNCazYya3px,Mexican Summer,10B,https://p.scdn.co/mp3-preview/4a489aa36c2aecec72d640d94a5e88b7e0a2c35a?cid=0dd13485836e45ac9134860ee53d835f,https://i.scdn.co/image/ab67616d00004851fcc9fee4f002a002ace49bd9
151,Snake Eyes,Trouble,0,175,,,Snake Eyes,6/4/2017,3:55,45,85,46,97,48,0,10,-6,G#/A♭ Major,4,8/16/2017,5pKuBVhP1BmHMeddgGiKz8,Sacred Bones Records,4B,,https://i.scdn.co/image/ab67616d0000485123fa340ec6f26abb84bc92b6
152,Another Century,The Church,6,135,"australian rock, dream pop, jangle pop, new romantic, new wave","Rock, Pop",Another Century,6/26/2017,4:42,44,77,5,47,34,0,50,-7,G Major,4,8/17/2017,38tq3Rb8I2T43YCVXzU7yC,Unorthodox Recordings,9B,https://p.scdn.co/mp3-preview/2d16f4fe2bc0628f595f9ed57743167e23187ce0?cid=0dd13485836e45ac9134860ee53d835f,https://i.scdn.co/image/ab67616d00004851947be0a100f4fb557450ace6
153,Television,Planes On Paper,0,92,,,Television,8/1/2017,3:34,64,29,97,1,14,0,10,-11,G#/A♭ Major,4,8/18/2017,7xy2Pwk3uVpfAR4quvo6Mw,Planes on Paper,4B,https://p.scdn.co/mp3-preview/a0ede3f0e586bbafb2c22245da7188684c791c2e?cid=0dd13485836e45ac9134860ee53d835f,https://i.scdn.co/image/ab67616d00004851f4d1fd4923eeaebddab1bd71
154,Valley Boy,Wolf Parade,0,117,"canadian indie, indie rock, indietronica, noise pop, quebec indie","Rock, Pop",Valley Boy,7/20/2017,3:38,40,84,2,0,37,0,10,-4,D Major,4,8/22/2017,3kE4OuvI9QpFMJh69LQ7vI,Sub Pop Records,10B,,https://i.scdn.co/image/ab67616d00004851a073cfd365f5d98365a698d5
155,Forgot Myself,Jen Cloher,0,105,"australian indie, melbourne indie","Electronic, Rock",Jen Cloher,8/11/2017,4:23,62,58,11,65,57,0,10,-10,C Major,4,8/22/2017,7GODIBIyC1ksUmo9OGPWvW,Marathon Artists,8B,,https://i.scdn.co/image/ab67616d00004851a8bc8b8298f3a4d80a574134
156,Cold,Gibraltar,0,162,,,Let's Get Beautiful,1/4/2017,3:47,43,93,4,44,57,0,10,-6,E Major,4,8/23/2017,4UXPHFcC8hyqLZOYNN6xoK,Factory Belt Records,12B,https://p.scdn.co/mp3-preview/982e225d4efcb3f56fc306079d76f8583a06a65e?cid=0dd13485836e45ac9134860ee53d835f,https://i.scdn.co/image/ab67616d00004851c6ea6f38d15003a7912b7d6e
157,Your Voice On The Radio (feat. Laura Gibson),"Dave Depper,Laura Gibson",13,114,ambient folk,Folk/Acoustic,Emotional Freedom Technique,6/9/2017,3:46,71,60,9,2,80,0,10,-9,B Minor,4,8/25/2017,4PbhGKC1QNMYjTtBlnuw5T,Tender Loving Empire,10A,https://p.scdn.co/mp3-preview/59ef6ae2e953de8765f9c71eb71402aebaa64ec7?cid=0dd13485836e45ac9134860ee53d835f,https://i.scdn.co/image/ab67616d00004851366c4933ce45a99c95e07f3c
158,Growth of Raindrops (feat. Sarah Cracknell),"Warm Digits,Sarah Cracknell",0,170,"neo-kraut, chamber psych",Folk/Acoustic,Wireless World,8/4/2017,4:27,39,80,0,3,42,10,0,-7,G Minor,4,8/28/2017,1ZmSWeVoOZZwL0GkpGV8J2,Memphis Industries,6A,,https://i.scdn.co/image/ab67616d000048512e6f443b52d998f2ef499a1e
159,Mjóddin,Moses Hightower,0,93,"icelandic folk, icelandic indie, icelandic pop, icelandic rock","Folk/Acoustic, Classical, Pop, Rock",Fjallaloft,6/9/2017,3:52,80,48,13,1,44,10,10,-10,G Major,4,8/29/2017,0L7GuTpOF26dWVwRBLEdCk,Record Records,9B,,https://i.scdn.co/image/ab67616d0000485158a50b2885800a8f7b03deba
160,Mind's Eye Melody,Lone,16,124,"downtempo, future garage, intelligent dance music, lo-fi house, wonky","Electronic, New age",Mind's Eye Melody,7/11/2017,7:50,68,67,2,87,37,0,0,-10,A Minor,4,8/30/2017,4K5ITVTmzXDsSsnWMk2dZa,R&S Records,8A,https://p.scdn.co/mp3-preview/8e9e5619e3acfde993ce2e630d44886960880440?cid=0dd13485836e45ac9134860ee53d835f,https://i.scdn.co/image/ab67616d00004851e2c6dade28ac4e44afc1d558
161,Fleeting Moments Of Freedom (Wooo),Octo Octa,10,120,"float house, transpop","Electronic, Pop",Where Are We Going?,3/24/2017,6:24,81,82,5,89,88,0,10,-10,G Major,4,8/31/2017,4Sczc9ISdGQDKU3KEklQRa,Honey Soundsystem Records,9B,,https://i.scdn.co/image/ab67616d0000485174f9f6f30f8410014674fade
162,Late Night,ODESZA,43,125,"chillwave, edm, indietronica","Rock, Electronic, Pop",Late Night,4/25/2017,3:48,61,63,4,1,43,0,10,-7,D Major,4,9/1/2017,1pqOdQkmYdM7AUM1q3L1mN,Counter Records,10B,https://p.scdn.co/mp3-preview/5a7edb0febd4340519c62de478e97b2525d8eb47?cid=0dd13485836e45ac9134860ee53d835f,https://i.scdn.co/image/ab67616d000048510cf47000a7996bc825a3cd64
163,I Took Your Picture,Cults,0,122,"experimental pop, indie surf, pov: indie","Pop, Rock",I Took Your Picture,8/22/2017,3:19,52,76,6,0,47,0,0,-5,B Minor,4,9/4/2017,6aV7nR9VlfqRQxHYZKMnW1,Sinderlyn,10A,,https://i.scdn.co/image/ab67616d000048513420cb9b3573c8459edcd972
164,Light Of Loving,Faith Healer,0,160,edmonton indie,Folk/Acoustic,Light Of Loving,7/7/2017,5:12,32,87,0,8,48,0,10,-8,A Major,4,9/5/2017,7IBByV9LFFlNElVsImklip,Mint Records,11B,,https://i.scdn.co/image/ab67616d000048518a8290566ba77462c7cfa6aa
165,Bendover,A Giant Dog,0,152,"austin rock, texas punk",Rock,Toy,8/25/2017,3:02,51,86,0,8,61,0,0,-7,C♯/D♭ Major,4,9/6/2017,5cOkxBOGk6ZqT1DVNJsFc8,Merge Records,3B,,https://i.scdn.co/image/ab67616d0000485110c24628b8ea0fdfa9d7b8fc
166,Dog,Widowspeak,0,90,"brooklyn indie, chillwave, countrygaze","Rock, Folk/Acoustic",Expect the Best,8/25/2017,3:49,21,54,8,40,21,0,0,-5,E Major,5,9/7/2017,0SUXA1yhyk9agoOCmdKUpF,Captured Tracks,12B,,https://i.scdn.co/image/ab67616d000048511949a6f30f0891bdd1b2d344
167,The Sound,Noah Gundersen,0,127,"acoustic pop, alternative roots rock, indie folk, stomp and holler","Pop, Rock, Folk/Acoustic",THE SOUND,7/10/2017,4:18,63,62,0,3,33,0,0,-8,F#/G♭ Major,4,9/8/2017,7EiSLirOCWEbIcxuku4c5a,Cooking Vinyl,2B,,https://i.scdn.co/image/ab67616d000048515ef1df150f46c8d7c2a9c653
168,Steppenwolf Mausoleum,Guided By Voices,5,111,"alternative pop, alternative rock, chamber pop, dayton indie, gbvfi, indie rock, lo-fi, modern power pop, noise pop, ohio indie, power pop, tape club","Pop, Rock, Folk/Acoustic",How Do You Spell Heaven,8/11/2017,3:21,50,79,3,17,27,0,10,-8,A Major,4,9/11/2017,6QeslSxmFuXZHtXTKVxnE4,GBV Inc,11B,https://p.scdn.co/mp3-preview/7dc2e521d182e4460c026403d70efa933f283e6a?cid=0dd13485836e45ac9134860ee53d835f,https://i.scdn.co/image/ab67616d00004851f1d3d813eb2df334ad50fa78
169,Picture on a Screen,Dent May,0,148,"indie fuzzpop, mississippi indie","Pop, Folk/Acoustic",Across the Multiverse,8/18/2017,3:36,46,87,10,0,44,0,30,-4,G Major,4,9/12/2017,1h1DtSkWHOe5fyzaAjYX6I,Carpark,9B,,https://i.scdn.co/image/ab67616d000048515301135d90c349d9b1e3abd1
170,When You're Gone,Beaches,0,137,"australian psych, australian shoegaze, melbourne indie","Metal, Rock",Second of Spring,9/8/2017,3:51,24,87,0,90,49,0,30,-6,D Minor,4,9/13/2017,5YW6HOGrWUqzDj65RT5WjP,Chapter Music,7A,,https://i.scdn.co/image/ab67616d00004851deb9bdcdd1c38916c454a5fb
171,Above the Triangle,Au.Ra,0,110,australian shoegaze,Rock,Cultivations,6/30/2017,3:19,45,94,0,91,55,0,10,-6,A Minor,4,9/14/2017,2peHPaolGhnX4YtGXcECPA,felte,8A,,https://i.scdn.co/image/ab67616d00004851a866512e80bd29372258ebaa
172,He Took a Bullet to Heaven,New Age Healers,2,105,american shoegaze,Rock,Where the Tragic Happens,8/25/2017,3:07,59,92,0,2,68,0,10,-6,D#/E♭ Minor,4,9/15/2017,0IbA5XLDxzXwlX0paf4Obp,New Age Healers,2A,https://p.scdn.co/mp3-preview/24fa41468ea25716b7e35dd9bb13aac5b9c2ce69?cid=0dd13485836e45ac9134860ee53d835f,https://i.scdn.co/image/ab67616d00004851267dde691f57250b2eb0b957
173,Take Me Home,Blis,4,126,"atlanta indie, dreamo",Rock,Take Me Home,8/29/2017,2:46,49,91,0,0,23,0,40,-5,G Major,4,9/18/2017,0kTwLSyZreg4GlTSUqJhb5,Sargent House,9B,https://p.scdn.co/mp3-preview/7c99a0ee4c0506f71cb8eb2577e49be3d9cbb143?cid=0dd13485836e45ac9134860ee53d835f,https://i.scdn.co/image/ab67616d00004851200432ed2b2e34e60d8a5972
174,Immigrant Boogie,Ghostpoet,0,145,"chamber psych, wonky","Folk/Acoustic, Electronic",Dark Days + Canapés,8/18/2017,2:39,58,90,1,77,68,0,10,-7,C♯/D♭ Major,1,9/19/2017,0HR59ASLd8184Pg8ks8gcz,Play It Again Sam,3B,,https://i.scdn.co/image/ab67616d00004851f9538eec225028551e98fdc7
175,Modern Kosmology,Jane Weaver,0,50,"chamber psych, electra","Folk/Acoustic, Pop",Modern Kosmology,5/19/2017,5:01,16,36,4,4,53,0,0,-15,C Major,4,9/20/2017,6okLaNbnRlfoamYwcooBmH,Fire Records,8B,,https://i.scdn.co/image/ab67616d0000485113d79f34bd5287f0605cdec4
176,When the Wall Comes Down,Hiss Golden Messenger,0,126,"alternative country, indie folk, modern folk rock, new americana, north carolina indie, north carolina roots, stomp and holler","Country, Folk/Acoustic, Rock",Domino (Time Will Tell) / When the Wall Comes Down,8/28/2017,4:03,69,40,79,0,33,0,20,-9,E Major,4,9/21/2017,6Cawzg4k5nMS9FKlnkS9rv,Merge Records,12B,,https://i.scdn.co/image/ab67616d00004851fe16b1f22144a4f207b1113d
177,Shut Eye,Dot Comet,0,140,,,Dot Comet,6/30/2017,3:56,45,74,7,0,37,0,20,-5,A Major,4,9/22/2017,7CIdM7c8Df9vheZztPscvG,Dot Comet,11B,https://p.scdn.co/mp3-preview/9add995bb5d0c8365925a7ff39872c0bf127761e?cid=0dd13485836e45ac9134860ee53d835f,https://i.scdn.co/image/ab67616d000048513479562d434c8ba841e1feb8
178,Say What You Want,Andrew Hung,0,110,,,Say What You Want,7/18/2017,3:18,62,77,15,35,53,0,10,-11,E Major,4,9/25/2017,1ItSzfyaxCFxUyZnrdqbxn,Lex Records,12B,,https://i.scdn.co/image/ab67616d00004851d9bc41ade6e8e91378d3f109
179,Seattle,Keep Shelly In Athens,5,117,"chillwave, greek indie, metropopolis","Rock, World/Traditional, Electronic",Seattle - Single,7/11/2017,4:22,67,78,4,14,60,0,20,-8,G#/A♭ Minor,4,9/26/2017,1vLhtZDV1FlK4JHCIePABW,Athenian Aura Recordings,1A,https://p.scdn.co/mp3-preview/ada3bc1b8d87549b542e433758a18e101e434d4f?cid=0dd13485836e45ac9134860ee53d835f,https://i.scdn.co/image/ab67616d0000485175277f150460cc5780c45573
180,Motion Sickness,Phoebe Bridgers,0,107,"indie pop, la indie, pov: indie",Pop,Stranger in the Alps,9/22/2017,3:49,65,55,77,4,63,0,0,-9,C♯/D♭ Major,4,9/27/2017,6LxcPUqx6noURdA5qc4BAT,Dead Oceans,3B,,https://i.scdn.co/image/ab67616d00004851bbc87dd5388d9a98e80650a4
181,Helium,A.D.K.O.B,2,93,vapor soul,R&B,Helium,7/28/2017,4:13,28,73,8,0,39,0,20,-7,D Minor,3,9/28/2017,2lYC05kfRSREPM6fy3uARl,Wonderlick,7A,https://p.scdn.co/mp3-preview/c3cc6a79a1149c8bf941ac1a128c819e807f8eca?cid=0dd13485836e45ac9134860ee53d835f,https://i.scdn.co/image/ab67616d00004851d35a25d5b012a2f85ecf26c0
182,Fourth of Julivar's,Tomo Nakayama,3,140,,,Pieces of Sky,9/8/2017,4:29,54,51,72,70,46,0,0,-12,F Major,3,9/29/2017,7a79JQ6xdz9wxhe5k4hycj,Ricebelly Music,7B,https://p.scdn.co/mp3-preview/09290c0c98acf2b447f9caf6b9dbc0802df34151?cid=0dd13485836e45ac9134860ee53d835f,https://i.scdn.co/image/ab67616d000048512861e6b08447243641dbcd7e
183,Call It Dreaming,Iron & Wine,0,80,"acoustic pop, chamber pop, indie folk, indie rock, stomp and holler","Pop, Folk/Acoustic, Rock",Beast Epic,8/25/2017,3:51,52,50,60,0,72,0,10,-10,F Major,4,10/2/2017,2GVm5QIgyGCrmHNVM3S1Vr,Sub Pop Records,7B,,https://i.scdn.co/image/ab67616d00004851ac5f78f0d4bdf27b69c29dd0
184,Shouting at the Dark,The Mynabirds,0,130,"etherpop, omaha indie","Pop, Rock",BE HERE NOW,8/25/2017,4:12,53,90,0,49,38,0,0,-5,D Major,4,10/3/2017,0tzFkZMeuoex0kxG3xKe0M,Saddle Creek,10B,,https://i.scdn.co/image/ab67616d00004851183c550bb773a1a4d6f34ba4
185,Sorry Is Gone,Jessica Lea Mayfield,0,127,new americana,Folk/Acoustic,Sorry Is Gone,7/25/2017,3:21,49,83,15,1,47,0,0,-5,C Major,4,10/4/2017,5VgZXQCYxz5LfnqDLFUtDR,ATO Records,8B,,https://i.scdn.co/image/ab67616d00004851d96d62295377d30f72b6f62e
186,Find Your Saint,Pinkshinyultrablast,25,84,"dreamgaze, indie shoegaze, nu gaze, russian shoegaze, shoegaze","Rock, Folk/Acoustic",Find Your Saint,9/1/2017,3:26,27,87,2,36,31,0,30,-5,G Major,4,10/5/2017,5TWCjU05bGna3af693aAMG,Club AC30,9B,https://p.scdn.co/mp3-preview/ed87d4b691703cf28f2d357d0916525969a222fd?cid=0dd13485836e45ac9134860ee53d835f,https://i.scdn.co/image/ab67616d00004851f21e29e026cd56d1855f01f2
187,Waiting for the Sun,Shake Some Action!,0,140,"modern jangle pop, modern power pop",Pop,Crash Through or Crash,8/25/2017,3:34,36,69,0,3,50,0,10,-8,B Major,4,10/6/2017,47rjCNsnyF7fZg59Er7nft,Satellite 451 Music,1B,https://p.scdn.co/mp3-preview/c1507b3d05511b74f8819c9d9f0c6d48cf5ae00b?cid=0dd13485836e45ac9134860ee53d835f,https://i.scdn.co/image/ab67616d00004851aba6ae435191be6bfd527a85
188,Glass Jar,Tristen,1,128,nashville indie,Folk/Acoustic,Glass Jar,6/9/2017,4:05,66,84,36,0,82,0,20,-5,G Major,4,10/9/2017,0bERgUJ8aVIXMUxcFcgQvJ,PUPsnake Records,9B,https://p.scdn.co/mp3-preview/16e6379a737cca4937b9becd640e9c85fec2bef4?cid=0dd13485836e45ac9134860ee53d835f,https://i.scdn.co/image/ab67616d0000485172657345913d21f8e75218c7
189,Empire,Matt Emery,7,120,,,Empire,9/15/2017,3:58,42,25,40,91,4,0,10,-12,D#/E♭ Major,4,10/10/2017,7m2zpw2M2mgvosHqL7muNr,Injazero Records,5B,https://p.scdn.co/mp3-preview/56e900c0cda15efb06df5b8f966aa0a2724e7dbd?cid=0dd13485836e45ac9134860ee53d835f,https://i.scdn.co/image/ab67616d00004851e9068b920a44023868155dd6
190,The Possibility,Worriers,0,94,"bubblegrunge, indie punk",Rock,Survival Pop,9/29/2017,3:06,39,97,1,0,29,0,20,-6,G Major,4,10/11/2017,1cVXpNr3iQtmXbKB1ZcTcD,6131 Records,9B,,https://i.scdn.co/image/ab67616d000048514d09a7952f60dea41e47b3c3
191,Illumina,Lamb,0,146,"electronica, trip hop","Electronic, Pop",Illumina,9/13/2017,3:48,59,66,7,27,49,0,10,-5,F Major,4,10/12/2017,5YMypqZz3fJAoltYpBLzTW,LAMB,7B,,https://i.scdn.co/image/ab67616d00004851a065ca08cdd041175841a67e
192,Body Chamber,Versing,6,144,seattle indie,Rock,Nirvana,9/29/2017,5:06,38,80,0,31,78,0,10,-6,D Major,4,10/13/2017,0zjGnboIafA0Wa2biW4ESv,Help Yourself Records,10B,https://p.scdn.co/mp3-preview/47bb6476cdcea6be6d5b834c071e643791109379?cid=0dd13485836e45ac9134860ee53d835f,https://i.scdn.co/image/ab67616d0000485195c16d634d8b368684feb5cf
193,Garden,Wilsen,0,121,gauze pop,Pop,I Go Missing in My Sleep,4/28/2017,3:32,61,62,10,2,35,0,10,-9,G Major,4,10/16/2017,4g6YOpGVKez9URWduzCmDA,Dalliance Recordings,9B,,https://i.scdn.co/image/ab67616d00004851e50356298da370026785e209
194,What I Wanted to Hold,Florist,0,81,"countrygaze, small room","Folk/Acoustic, Rock",If Blue Could Be Happiness,9/29/2017,4:23,33,5,95,78,16,0,10,-23,G Major,4,10/17/2017,4qDkvJ0S5jdeecvwPvKIpF,Double Double Whammy,9B,,https://i.scdn.co/image/ab67616d000048516968e8a2bd35ffb4feacf4ec
195,Always,Madeline Kenney,0,100,modern dream pop,Pop,Night Night at the First Landing,9/1/2017,3:30,20,62,31,4,36,0,10,-5,D Major,4,10/18/2017,4pVJX7dRvAAK1OOV3zcCJS,Company Records,10B,,https://i.scdn.co/image/ab67616d000048514f15a2c3f53b0a41be18216f
196,Paranoia,Holiday Ghosts,0,131,cornwall indie,Rock,Holiday Ghosts,9/22/2017,2:47,63,91,4,0,77,0,0,-5,C♯/D♭ Major,4,10/19/2017,1Ma6OY90XGEwOoY3cSmPBA,PNKSLM Recordings,3B,,https://i.scdn.co/image/ab67616d000048512024546855bad8374d7b22b4
197,The Bedazzler,Stag,2,127,,,The Bedazzler,1/20/2017,3:44,36,79,2,2,34,0,30,-4,D Major,4,10/20/2017,4a4MPLlfBXBb8r8UDcTKIX,Rock and Roll Circus,10B,https://p.scdn.co/mp3-preview/39486c8872e53dd3da83f69a7699b863c6e14e40?cid=0dd13485836e45ac9134860ee53d835f,https://i.scdn.co/image/ab67616d00004851ebd24829897200461e754f98
198,Matter of Time,Sharon Jones & The Dap-Kings,0,66,"black americana, funk, retro soul, soul","Country, R&B",Matter of Time - Single,10/11/2017,3:22,55,58,61,0,47,0,10,-8,A Major,4,10/23/2017,6mnUMC3B6d4IuvhhkRV1Dv,Daptone Records,11B,,https://i.scdn.co/image/ab67616d0000485148eeb875186ebb3113274722
199,Walkaway,Weaves,0,116,toronto indie,Rock,Wide Open,10/6/2017,3:36,56,85,0,27,61,0,30,-4,F Major,4,10/25/2017,1HrP4jnFEB1H8voYrNFLDn,Memphis Industries,7B,,https://i.scdn.co/image/ab67616d000048519b51cdc8f53718fbc6878028
200,Tinseltown Swimming in Blood,Destroyer,0,107,"art pop, chamber pop, indie rock, indietronica, noise pop, vancouver indie","Pop, Rock",ken (Deluxe Version),10/20/2017,4:46,68,69,2,52,74,0,20,-7,C Major,4,10/26/2017,24HQTVa7OIBQvF67njCzTI,Dead Oceans,8B,,https://i.scdn.co/image/ab67616d00004851362f1b5d6d48c46f3e36563d
201,Shapeshifter,Moon Palace,0,124,,,Moon Palace,10/13/2017,3:19,26,68,72,1,19,0,10,-8,D Major,4,10/27/2017,2VKf6Muq1aC9FsEC9X40OF,Plume Records,10B,https://p.scdn.co/mp3-preview/caa61e91a2d7a4003ac244a9fb8f52a7d3d599f6?cid=0dd13485836e45ac9134860ee53d835f,https://i.scdn.co/image/ab67616d000048515d145073febe7ac254107495
202,BTO,Vök,0,89,"icelandic electronic, icelandic pop","Electronic, Pop",Figure,4/28/2017,2:56,44,42,48,0,52,0,0,-12,C♯/D♭ Minor,4,10/30/2017,4UXtAbgaCkNjwGVQ2qy9Iq,Nettwerk Records,12A,,https://i.scdn.co/image/ab67616d00004851e4d22c9bba343cf542131d6f
203,Убожество,Glintshake,7,173,russian post-punk,Rock,ОЭЩ МАГЗИУ,9/23/2016,6:26,44,95,0,44,53,0,30,-5,E Minor,4,11/1/2017,3o2TpxuT8ZQzXjnDrjOjHY,Kometa Music,9A,https://p.scdn.co/mp3-preview/b083f98d9256ba9f1817faad32de2b22220d8e68?cid=0dd13485836e45ac9134860ee53d835f,https://i.scdn.co/image/ab67616d0000485169c053e1f9caf328846073f5
204,Komdu með,Högni,0,154,icelandic electronic,Electronic,Two Trains,10/20/2017,4:06,38,61,74,22,10,0,0,-12,G Major,4,11/2/2017,5rLvogK7SobTsUGd77MnJP,Erased Tapes,9B,,https://i.scdn.co/image/ab67616d000048511abac37c33657bd02703ba98
205,Can't Stop Loving You,Fai Baba,6,130,swiss indie,Electronic,Can't Stop Loving You,8/25/2017,4:53,30,72,4,37,38,0,10,-10,G Major,4,11/3/2017,0GVDSX0oDTEBPUX44y5kBG,A Tree in a Field Records,9B,https://p.scdn.co/mp3-preview/9887294695e9048043748b4542354ac3bd61cd2f?cid=0dd13485836e45ac9134860ee53d835f,https://i.scdn.co/image/ab67616d00004851c1ec065d46b48dc0ad0fa731
206,You Would Have to Lose Your Mind,The Barr Brothers,45,89,"canadian americana, canadian indie, indie folk, new americana, stomp and holler","Country, Rock, Folk/Acoustic",Queens of the Breakers,10/13/2017,6:21,34,45,17,72,24,0,10,-8,F#/G♭ Minor,4,11/6/2017,6mV07lqIpvpBh3xBXn1M71,Secret City Records,11A,https://p.scdn.co/mp3-preview/41a4e0e050c6dd62a92e8d837dee4945a4cf6e46?cid=0dd13485836e45ac9134860ee53d835f,https://i.scdn.co/image/ab67616d00004851c325d1770d48cc34a1bddc07
207,Poor the War Away,Karl Blau,0,90,alternative country,Country,Poor the War Away,9/26/2017,4:54,71,52,52,0,69,10,10,-11,G Major,4,11/7/2017,5pDsHjR1SmySVtL7Rw1qxe,Bella Union,9B,,https://i.scdn.co/image/ab67616d000048519f33d58d3f9c5b58f769d154
208,Dreams,Alice Boman,0,111,"malmo indie, swedish singer-songwriter","New age, Folk/Acoustic",Dreams,9/15/2017,3:13,48,25,89,24,28,0,10,-15,C♯/D♭ Major,4,11/8/2017,0TvEtOKh0AS1S0pkPVihWJ,Platoon. The Control Group in North America & Adrian Recordings in Scandinavia.,3B,,https://i.scdn.co/image/ab67616d000048516eafe60f3cf28fd6c4f043d7
209,Oom Sha La La,Haley Heynderickx,25,115,"countrygaze, indie pop, portland indie, small room","Folk/Acoustic, Pop, Rock",Oom Sha La La,9/20/2017,2:54,55,39,41,0,23,0,20,-10,D Major,4,11/9/2017,1fIHpJ0Dxaew7zzgNYWhnp,Mama Bird Recording Co.,10B,https://p.scdn.co/mp3-preview/446e97bdc1ff173136622847b85bb1cc6e8ba5ae?cid=0dd13485836e45ac9134860ee53d835f,https://i.scdn.co/image/ab67616d00004851f647761e175e783356114d6f
210,PERG (Honing),Cock and Swan,2,180,,,Dream Alone,11/3/2017,3:56,60,63,40,88,36,0,10,-11,E Minor,4,11/10/2017,2c953AB6hi381coQ7O3myv,Hush Hush,9A,https://p.scdn.co/mp3-preview/427a9d3bd1850e0817b6fad06a61bd3e2440dd51?cid=0dd13485836e45ac9134860ee53d835f,https://i.scdn.co/image/ab67616d000048519d757d9c0a6edd95b65c4116
211,Feel the Same,Bully,0,178,"bubblegrunge, indie punk, modern power pop","Rock, Pop",Losing,10/20/2017,1:59,55,90,7,0,46,0,40,-6,C Major,4,11/13/2017,2gOoR7MOxf4UIBN5aZ1eE9,Sub Pop Records,8B,,https://i.scdn.co/image/ab67616d0000485156ef29ab877ff4012188b6d2
212,Heaven I Know,Gordi,0,140,"australian electropop, australian indie","Pop, Electronic",Reservoir,8/25/2017,5:13,45,39,59,0,11,0,0,-10,C Major,4,11/14/2017,4IEqj0Qt0ETALQxBtJuGf3,Jagjaguwar,8B,,https://i.scdn.co/image/ab67616d000048513117d8d368be1d8cd39c0b7b
213,Baby in Blue Jeans,L.A. WITCH,0,76,la indie,Pop,L.A. WITCH,9/8/2017,4:29,35,64,1,76,42,0,10,-7,A Major,4,11/15/2017,4jtbxHWDaKAAVtwVYTRaXP,Suicide Squeeze Records,11B,,https://i.scdn.co/image/ab67616d00004851fc5ce9992d61cce30945a629
214,Cellophane,Metz,0,135,"canadian punk, crank wave, indie punk, noise pop, noise rock, post-hardcore","Rock, Pop",Strange Peace,9/22/2017,4:12,22,96,0,13,14,0,50,-4,C Major,4,11/16/2017,2VTsZA3PQPZIJL60dm8cs4,Sub Pop Records,8B,,https://i.scdn.co/image/ab67616d000048512ca6a903697807b29eac9cc2
215,Orbit,Shenandoah Davis,1,180,,,Souvenirs,9/8/2017,4:39,33,73,1,79,29,0,10,-5,C Minor,3,11/17/2017,11ewARtBg9SoKTUEsetrcc,Plume Records,5A,https://p.scdn.co/mp3-preview/cfc8975ad47b0c356c07f975f38dceed20eccf8f?cid=0dd13485836e45ac9134860ee53d835f,https://i.scdn.co/image/ab67616d00004851b538766396ef344e25379d35
216,On And On,Curtis Harding,47,130,"funk, psychedelic soul",R&B,Face Your Fear,10/27/2017,4:01,70,84,14,54,96,0,40,-5,C Major,4,11/20/2017,2NwwdNPSlvoRBqomWa4S2N,Anti/Epitaph,8B,https://p.scdn.co/mp3-preview/1fe2952a9d40c71e5cfa204788edb71280003b89?cid=0dd13485836e45ac9134860ee53d835f,https://i.scdn.co/image/ab67616d000048511bd6d2d52810efdfee21b608
217,That Day I Went To His Funeral,GDJYB 雞蛋蒸肉餅,6,127,"hong kong indie, hong kong rock","Pop, Rock",23:59 Before Tomorrow,2/3/2017,5:58,67,78,32,0,52,0,30,-5,G#/A♭ Major,4,11/21/2017,5A5mh6CYPePvco6imW9iuU,Redline Music Limited,4B,https://p.scdn.co/mp3-preview/80afef683ef42b2d9d6bc3bee0651e91f035ed35?cid=0dd13485836e45ac9134860ee53d835f,https://i.scdn.co/image/ab67616d00004851690f65962ef271f95389e59d
218,Quest,Hey Elbow,0,90,malmo indie,New age,Quest,10/27/2017,3:45,44,56,0,15,24,0,10,-9,F Minor,4,11/22/2017,7CYe46u2epOitSIGxoPwAL,Adrian Recordings,4A,,https://i.scdn.co/image/ab67616d00004851e8ce06ebfb9c8e071ecfaa4f
219,Rorschach,Typhoon,0,97,portland indie,Rock,Rorschach,11/2/2017,3:42,62,40,23,5,41,0,10,-6,E Major,4,11/23/2017,030vxBuUPk9irBvjK596Ov,Roll Call Records,12B,,https://i.scdn.co/image/ab67616d000048516fe4f23c8b9cdc9cb8fb51c6
220,Every Day's the Weekend,Alex Lahey,0,182,"australian indie, melbourne indie","Electronic, Rock",I Love You Like a Brother,10/6/2017,3:10,46,94,0,0,86,0,20,-4,E Major,4,11/24/2017,3lLpxXl6wEgqww7gdb6RPz,Dead Oceans,12B,,https://i.scdn.co/image/ab67616d000048516075dea7ff4a063a5b256b44
221,Dispatch From Mar-a-Lago,L7,0,147,"alternative rock, grunge, punk, riot grrrl",Rock,Dispatch From Mar-a-Lago,9/29/2017,3:00,36,99,0,73,39,10,10,-2,C Major,4,11/27/2017,2GbAG8tLR7oopXUIEwGCsc,Don Giovanni Records,8B,,https://i.scdn.co/image/ab67616d0000485138a29ab19198593cce83481c
222,Here Comes the Feeling,Until The Ribbon Breaks,0,100,vapor pop,Pop,Here Comes the Feeling,10/13/2017,3:29,79,54,21,0,41,0,10,-5,G#/A♭ Minor,4,11/28/2017,33dnA8AoiBZbE3i5dDjfV8,1405 Records,1A,,https://i.scdn.co/image/ab67616d00004851f2a2918fff46e078acf9bf8f
223,Aquarius,Lor,45,134,"chamber folk, polish alternative","Folk/Acoustic, New age",Aquarius,11/6/2017,3:16,45,33,84,76,17,0,10,-11,C♯/D♭ Minor,4,11/30/2017,7he8q81XbhsbLjOx7KijZR,2017 Paulina Sumera / Julia Skiba / Jagoda Kudlińska / Julia Błachuta,12A,https://p.scdn.co/mp3-preview/d7de26cd3d0e8241e52662cefa870c956b17ca83?cid=0dd13485836e45ac9134860ee53d835f,https://i.scdn.co/image/ab67616d00004851eb9445100fb591c936a38bd3
224,Come To Terms,Smokey Brights,4,157,seattle indie,Rock,Come To Terms,10/27/2017,3:30,40,62,0,0,14,0,10,-7,D#/E♭ Minor,4,12/1/2017,2Dli4LMb1pBHxsyYisj9qg,Freakout Records,2A,https://p.scdn.co/mp3-preview/8dd02d0f7877329235effc797c14b8a44c0b24a8?cid=0dd13485836e45ac9134860ee53d835f,https://i.scdn.co/image/ab67616d000048510bfcad92e23cb0ea6abee0a9
225,Lunar Days,The Clientele,0,109,"chamber pop, melancholia","Pop, Folk/Acoustic",Music for the Age of Miracles,9/22/2017,4:13,61,66,18,0,58,0,10,-7,A Major,4,12/4/2017,4OTvQ0hLnv9v1n1041Vffa,Tapete Records,11B,,https://i.scdn.co/image/ab67616d000048519d19293465f230f15e2e5635
226,The Static God,Thee Oh Sees,31,113,"bay area indie, double drumming, garage pop, garage rock, indie rock, lo-fi, neo-psychedelic, noise pop, noise rock, psychedelic punk","Rock, Pop, Folk/Acoustic, Blues",Orc,8/25/2017,4:20,51,96,0,86,42,10,20,-5,F#/G♭ Major,4,12/5/2017,7skTUuUQsw99agRd8Niemt,Castle Face,2B,https://p.scdn.co/mp3-preview/be6407878def1675804df11c33b005e978492580?cid=0dd13485836e45ac9134860ee53d835f,https://i.scdn.co/image/ab67616d00004851200ae446d443a6ac8d06b29c
227,Zombie,Langhorne Slim,24,133,"anti-folk, indie folk, modern folk rock, new americana, stomp and holler","Folk/Acoustic, Rock",Lost At Last Vol. 1,11/10/2017,3:01,42,76,62,22,73,0,10,-7,F Major,4,12/6/2017,61kYRloObrNZitLUDFHh9p,"Dualtone Music Group, Inc.",7B,https://p.scdn.co/mp3-preview/74f410c859c89bfa2511cbf1af740abe8b55c625?cid=0dd13485836e45ac9134860ee53d835f,https://i.scdn.co/image/ab67616d000048516fdf3a5b6dd49fff507c9900
228,Mind Hijacker's Curse,Chad VanGaalen,0,127,calgary indie,Rock,Light Information,9/8/2017,4:45,67,83,2,5,59,0,0,-9,A Major,4,12/7/2017,59e6ZKk0VkWRzJSxM1FZ9J,Sub Pop Records,11B,,https://i.scdn.co/image/ab67616d000048519475b97580b2d5fac61b4034
229,Breakers,Nearby,1,116,,,Garden Exercise,7/28/2017,3:40,48,68,0,61,6,0,10,-8,C♯/D♭ Minor,4,12/8/2017,21zamfd8fg4nyN8Yca1mFy,No Genre Tapes,12A,https://p.scdn.co/mp3-preview/3762be0df2fd86f36d45973631e0ab870657f006?cid=0dd13485836e45ac9134860ee53d835f,https://i.scdn.co/image/ab67616d00004851d8c826ec2f987fa712f4a93f
230,Telegram,amiina,0,102,"compositional ambient, icelandic indie",Classical,Fantômas,11/25/2016,3:04,29,18,99,91,4,0,10,-16,D#/E♭ Major,3,12/11/2017,20gAPfTiDLJFD21HZj6Uy1,Mengi,5B,,https://i.scdn.co/image/ab67616d00004851900b95ada8d7b58ea6f64d51
231,Brushfire,Ikebe Shakedown,0,97,"instrumental funk, latin afrobeat","R&B, Latin",The Way Home,10/20/2017,4:21,57,84,3,5,70,0,10,-7,D Minor,4,12/12/2017,20exSMJvQPxr6ZhfgKRCQ5,Colemine Records,7A,,https://i.scdn.co/image/ab67616d000048510d6252898633cbd530a2fe4f
232,Baby Luv,Nilüfer Yanya,0,116,"art pop, uk alternative pop",Pop,Baby Luv,9/27/2017,3:27,83,42,48,0,68,0,10,-9,C♯/D♭ Major,4,12/13/2017,6RAtS5sZlizdGGcawa4sJU,Blue Flowers Music,3B,,https://i.scdn.co/image/ab67616d000048511659b9728244dbbc5906c40c
233,Flood and Fire,Gunn - Truscinski Duo,0,131,"american primitive, drone folk, pastoral",Folk/Acoustic,Bay Head,11/3/2017,3:06,34,65,76,88,29,0,10,-13,D Major,1,12/14/2017,6QldmkIbSgoK8AYZZCc8OF,Three Lobed Recordings,10B,,https://i.scdn.co/image/ab67616d000048514561c7160de10952fefbd51c
234,Pearl,Flat Worms,0,150,"crank wave, indie garage rock",Rock,Flat Worms,10/20/2017,3:19,22,82,1,0,65,0,30,-6,F#/G♭ Minor,4,12/15/2017,5G6GgPHylj8WI9KsevYx9c,Castle Face,11A,,https://i.scdn.co/image/ab67616d0000485144fccaf2f33d88942d806262
235,It's Xmas (And Everyone Is Miserable),Dirty Sidewalks,0,137,american shoegaze,Rock,It's Xmas (And Everyone Is Miserable),12/6/2017,3:40,51,89,0,0,76,0,30,-6,E Minor,4,12/18/2017,341hZ65IDfZdR7nssij6Cy,No-Count Records,9A,https://p.scdn.co/mp3-preview/2895be4b318e541363c633d1bdf43e014bc11695?cid=0dd13485836e45ac9134860ee53d835f,https://i.scdn.co/image/ab67616d0000485153fbd918cf79e8f99b20a370
236,Happy New Year (Prince Can't Die Again),Mac McCaughan,5,104,gbvfi,Rock,Happy New Year (Prince Can't Die Again),12/25/2016,3:45,25,44,47,0,51,0,20,-13,G Major,3,12/19/2017,2oaI956jzkjfkrvMJgZFao,Mac McCaughan,9B,https://p.scdn.co/mp3-preview/df9f8d8234aa3c213c6b5ef9c093027a1091ee94?cid=0dd13485836e45ac9134860ee53d835f,https://i.scdn.co/image/ab67616d00004851b0e8def7be182319a6242df6
237,New Christmas Hymn,The Minus 5,0,156,"alternative country, jangle pop, power pop","Country, Pop",Dear December,11/27/2017,2:13,59,72,22,0,90,10,10,-7,C Major,4,12/20/2017,4BvbhQ8pigwo3mZbPwpP4n,Yep Roc Records,8B,,https://i.scdn.co/image/ab67616d00004851403db16a68c2e0c4bce9271f
238,Break Up Holiday,Dude York,0,180,"bubblegrunge, indie punk",Rock,Halftime for the Holidays,11/24/2017,3:30,39,81,1,0,73,0,10,-6,G Major,4,12/22/2017,1V9uwSc6RV8ZleTRvlbzQ5,Hardly Art,9B,,https://i.scdn.co/image/ab67616d000048510e51a0146a9afe71f1b0ea55
239,all these worlds are yours,HOLY,0,95,"neo-psychedelic, stockholm indie","Folk/Acoustic, Pop",all these worlds are yours,12/8/2017,8:54,13,72,0,85,20,0,10,-6,C Major,4,12/26/2017,05kgaNKbyICttVu0DlcBPw,PNKSLM Recordings,8B,,https://i.scdn.co/image/ab67616d00004851c2255314a755b0330ebe7c0c
240,Novocaine,Crater,2,110,psychedelic pop,Pop,Novocaine,11/17/2017,3:48,69,62,10,44,41,0,10,-12,C♯/D♭ Major,4,12/26/2017,6sCuD9eCYp5ZXhFIpYV6As,Crater,3B,https://p.scdn.co/mp3-preview/ba7a3c0b0a87e7a7e2c6aa4ad1b18568ee666cf8?cid=0dd13485836e45ac9134860ee53d835f,https://i.scdn.co/image/ab67616d000048515f74bb45286f1b86a5f8f517
241,The Age Of Information,Naked Giants,0,121,seattle indie,Rock,Sorry Not Everybody Is You / The Age Of Information,11/3/2017,3:41,54,85,0,71,83,0,30,-8,D Major,4,12/27/2017,4joDHTBX0787xmvuOTNhtM,New West Records,10B,,https://i.scdn.co/image/ab67616d000048518003db43e13ea037f9d83eec
242,Gud Tymes,DoM,12,128,worcester ma indie,Rock,Gud Tymes,10/26/2017,2:26,55,83,0,76,40,0,30,-7,F#/G♭ Major,4,12/28/2017,0XcFkYCK0WHeO3RBLkspkI,DoM,2B,https://p.scdn.co/mp3-preview/9c9a4de027220b4badc92ce3c3e1f7ce8388892d?cid=0dd13485836e45ac9134860ee53d835f,https://i.scdn.co/image/ab67616d00004851ba23117d466ab6adb121b64d
243,A Different Street,FKL,0,125,,,Out of Tune,11/10/2017,4:07,69,75,4,2,62,0,10,-9,A Major,4,12/29/2017,7mCuXE2UXd0o4YPkmhoBZD,Orphan Records,11B,,https://i.scdn.co/image/ab67616d000048514af94813366ea504bf108164
