#,Song,Artist,Popularity,BPM,Genres,Parent Genres,Album,Album Date,Time,Dance,Energy,Acoustic,Instrumental,Happy,Speech,Live,Loud,Key,Time Signature,Added At,Spotify Track Id,Album Label,Camelot,"Spotify Track Img","Song Preview"
1,"Le soleil dans le monde","Domenique Dumont",51,94,"fluxwork, fourth world","Pop, New age","Miniatures de auto rhythm",2018-10-01,04:02,71,55,34,30,78,0,30,-11,F Minor,4,2019-01-02,4Ve8G6KOhjDwi1fSOOdYds,"Antinote",4A,https://p.scdn.co/mp3-preview/d08d3d0785fca573216f7544d47a824359cdbd91?cid=0dd13485836e45ac9134860ee53d835f,https://i.scdn.co/image/ab67616d0000485186ea698b2e953980fa6fac14
2,"Sensitive","Brother Ali",0,82,"abstract hip hop, conscious hip hop, minnesota hip hop, political hip hop","Hip Hop","Sensitive",2018-10-26,03:39,78,60,14,0,79,30,10,-5,F Major,4,2019-01-02,0OiQ0PWBTEhOiWHPk3WbWD,"Rhymesayers",7B,,https://i.scdn.co/image/ab67616d000048514c125923e2fdd5f085ff6c8f
3,"Sunshine","Blushing",3,80,"american shoegaze, austindie, dreamgaze, nu gaze, shoegaze","Rock, Folk/Acoustic","The Truth / Sunshine",2018-10-26,04:35,28,53,12,12,10,0,20,-9,E Minor,3,2019-01-03,22kS1LhLdZNTFgZreYgdus,"The Nothing Song Records",9A,https://p.scdn.co/mp3-preview/00b9ae56f58f029720a8bed8b9f6f2360f7b990e?cid=0dd13485836e45ac9134860ee53d835f,https://i.scdn.co/image/ab67616d0000485185311a73713d3ed5e19c2e83
4,"Revolution Lover","Left at London",36,148,"transpop","Pop","Transgender Street Legend, Vol. 1",2018-11-10,02:22,54,82,15,0,72,0,50,-7,F#/G♭ Major,4,2019-01-04,3qBg6BeHJlGgwl5aCa09EC,"Left at London is Gay",2B,https://p.scdn.co/mp3-preview/a2f90992103b76401f49bac0000055e91f899030?cid=0dd13485836e45ac9134860ee53d835f,https://i.scdn.co/image/ab67616d00004851c4d545115f0b59b53cf4fc10
5,"Poison","David Nance Group",0,174,"omaha indie","Rock","Peaced and Slightly Pulverized",2018-10-05,03:02,13,71,1,1,48,0,0,-4,D Major,4,2019-01-09,5gMtCAMUpAyyAfcOmCEiFW,"Trouble In Mind Records",10B,,https://i.scdn.co/image/ab67616d00004851026b0fa2f8337cd07cbb6d75
6,"Beggars in the House of Plenty","Generationals",0,112,"indie rock, indietronica, new orleans indie, shimmer pop, stomp and holler","Rock, Pop, Folk/Acoustic","State Dogs: Singles 2017-18",2018-12-07,02:42,54,74,1,9,28,0,20,-7,G Major,4,2019-01-09,3ry5jhTGniqmuggooFkaPo,"Polyvinyl Records",9B,,https://i.scdn.co/image/ab67616d000048511b8f8f82db7d9071b7b068e0
7,"Heated","Doe",2,108,"indie punk","Rock","Grow into It",2018-09-28,04:03,50,70,1,0,52,0,10,-7,B Major,3,2019-01-09,4VqQ7wD7USmBYNiuNi64pg,"Big Scary Monsters",1B,https://p.scdn.co/mp3-preview/68007c89d87faf5dbe570717ab8267d5bec80b70?cid=0dd13485836e45ac9134860ee53d835f,https://i.scdn.co/image/ab67616d00004851837c115f3c87ce81dabce8a4
8,"Blue Again","Weakened Friends",0,96,"boston indie, bubblegrunge, diy emo, maine indie","Rock, Folk/Acoustic","Common Blah",2018-10-19,03:00,47,79,0,0,34,0,10,-5,A Major,4,2019-01-10,7IMFXRGuKZvrOEHChP9DZK,"Don Giovanni Records",11B,,https://i.scdn.co/image/ab67616d00004851bc0d80d3290e83e41258defa
9,"Set a Course","Telekinesis",0,156,"seattle indie","Rock","Set a Course",2018-11-28,03:38,50,40,47,4,21,0,20,-10,E Major,4,2019-01-11,3gl3Sm85Dc5Aul2e6mlhrH,"Merge Records",12B,,https://i.scdn.co/image/ab67616d000048514f253952b697874eb7b987ca
10,"Ordinary Pleasure","Toro y Moi",0,115,"chillwave, hypnagogic pop, indie soul, indietronica","Rock, Pop, R&B","Ordinary Pleasure",2018-12-04,03:03,88,78,12,2,78,10,10,-7,G Major,4,2019-01-14,3RiebNMjrNhskI2jn9AZ20,"Carpark Records",9B,,https://i.scdn.co/image/ab67616d0000485145d162f12fabc035356651c3
11,"Getting in a Van Again","Fruit Bats",0,120,"chamber pop, indie folk, indie rock, new americana, stomp and holler","Pop, Folk/Acoustic, Rock","Getting in a Van Again",2018-11-08,03:14,47,83,1,37,44,0,20,-6,F Major,4,2019-01-15,72UnOCk72hZUdCSOpfWheL,"Merge Records",7B,,https://i.scdn.co/image/ab67616d000048519afe4ab359783963037c922f
12,"Basquiat","Ibibio Sound Machine",0,135,"afro psych, afro-funk","World/Traditional","Basquiat",2018-11-07,03:29,77,76,4,71,81,0,10,-9,G Major,4,2019-01-16,0PGkRO9bZRP7ruF29rN8gE,"Merge Records",9B,,https://i.scdn.co/image/ab67616d0000485191becb60b60e357b5f956376
13,"Seventeen","Sharon Van Etten",0,127,"art pop, chamber pop, indie rock, melancholia, new jersey indie, singer-songwriter","Pop, Rock, Folk/Acoustic","Seventeen",2019-01-09,04:25,54,77,2,21,24,0,0,-7,F Major,4,2019-01-17,3buy5Ooz6uNL48W1yBUzbM,"Jagjaguwar",7B,,https://i.scdn.co/image/ab67616d00004851022542fd6f0bd7584dec16ed
14,"Your Car","Red Ribbon",0,142,"seattle indie","Rock","Dark Party",2018-09-28,02:44,58,63,0,61,93,0,10,-10,A Minor,4,2019-01-18,40zcZvxyFNpylYjrpqORG8,"Union Zero",8A,,https://i.scdn.co/image/ab67616d0000485164e042fe3910ef48c0f4c9fd
15,"Helluva Dr.","angelic milk",0,152,"russian indie, russian shoegaze","Electronic, Folk/Acoustic","DIVINE BIKER LOVE",2019-01-11,03:16,38,90,0,22,45,10,40,-5,C Major,4,2019-01-21,2jaVv4N9hymFQnRzLcFc5n,"PNKSLM Recordings",8B,,https://i.scdn.co/image/ab67616d0000485193eac2c0ec9ea348a8cf494b
16,"The Distance","Ellis May",16,120,"","","The Distance",2018-11-30,03:36,56,86,47,87,16,0,10,-8,F Major,4,2019-01-22,1r6wShWLPiYGSRKXcQ3mEP,"Mayday Recordings",7B,https://p.scdn.co/mp3-preview/ea70f60c00bb6717da6b64e74b0acc7d685893e5?cid=0dd13485836e45ac9134860ee53d835f,https://i.scdn.co/image/ab67616d00004851d4c98c99f9d161312589ac1e
17,"Jealous","Heavy Lungs",0,170,"bristol indie, crank wave, english indie rock, uk post-punk revival","Rock","Jealous",2019-01-10,02:19,37,95,0,44,28,10,10,-5,B Minor,4,2019-01-23,0ScKjEL3v7jbrvaV4x1rY2,"Balley Records",10A,,https://i.scdn.co/image/ab67616d00004851c587e3606052f415d7a26779
18,"Hardly News","Criminal Hygiene",0,145,"","","Hardly News",2018-11-16,03:15,44,87,0,0,81,0,10,-5,A Major,4,2019-01-24,6DUTbkWtTBrleyA0vAsTSm,"Dangerbird Records",11B,https://p.scdn.co/mp3-preview/3d183337e4bac043ef3ac092831f2566392716e1?cid=0dd13485836e45ac9134860ee53d835f,https://i.scdn.co/image/ab67616d0000485127aa57b25f614685cad63369
19,"End of the Bar","Martin Frawley",0,132,"melbourne indie","Rock","End of the Bar",2018-11-14,04:01,56,73,13,0,52,0,0,-10,C Major,4,2019-01-28,1jYm1R0rsGWMJU8dFGOLU0,"Merge Records",8B,,https://i.scdn.co/image/ab67616d000048519ee39f13b51ac1bcd53ce2df
20,"Buddy","Du Blonde",0,112,"chamber psych","Folk/Acoustic","Buddy",2018-10-11,02:26,56,61,3,0,39,0,20,-9,E Major,4,2019-01-30,4OtCFLbasXy3BPvam5ySNY,"Moshi Moshi Records",12B,,https://i.scdn.co/image/ab67616d000048510e38de3b914eac7fec7b96b5
21,"3 Mile Drive","Nanami Ozone",0,130,"phoenix indie","Rock","Alone Too / 3 Mile Drive",2018-11-01,02:14,51,90,0,7,50,0,10,-9,G Major,4,2019-01-30,170yXeNQGVwXJMzj1ckSVP,"Tiny Engines",9B,,https://i.scdn.co/image/ab67616d00004851781e32573122956e83421d43
22,"Everlastingly Yours","Piroshka",0,120,"dream pop","Pop","Everlastingly Yours",2018-11-06,04:29,47,78,0,0,39,0,20,-8,B Major,4,2019-01-31,4P9ehjfKh0UIvOArrqaYHR,"Bella Union",1B,,https://i.scdn.co/image/ab67616d000048514654890cd5b325ceeed23b69
23,"The Kids","Sol",10,88,"indie pop rap, seattle hip hop","Hip Hop","The Kids",2018-12-12,03:15,88,37,61,0,66,10,0,-9,G Major,4,2019-02-01,6zIQzrtdr6cQXy2ClSP11l,"Zilla Music LLC",9B,https://p.scdn.co/mp3-preview/65b93f12c8381045da87db27521207aadabfdc58?cid=0dd13485836e45ac9134860ee53d835f,https://i.scdn.co/image/ab67616d00004851817560fac3a9b7893005de20
24,"Flyway","Kero Kero Bonito",0,145,"escape room, japanese electropop","Pop","Time 'n' Place",2018-10-01,01:58,40,90,1,19,51,0,40,-4,D Major,4,2019-02-04,69Prk1StSEntw88A4Nk6qB,"Kero Kero Bonito",10B,,https://i.scdn.co/image/ab67616d000048518f9f6d1f4d5514214cfdd741
25,"Rechargeable","Snapped Ankles",0,160,"crank wave, london indie, uk post-punk revival","Rock","Rechargeable",2019-01-18,05:34,52,83,0,0,32,0,30,-7,C♯/D♭ Major,4,2019-02-06,2iyaLpevfjar7QwsyRZHL9,"The Leaf Label",3B,,https://i.scdn.co/image/ab67616d0000485149e1c737bfaf0fc7d89633ba
26,"Tedium's Jaws","Chemtrails",0,162,"london indie","Rock","Cuckoo Spit",2018-12-07,03:21,15,72,0,1,24,0,30,-5,F Major,4,2019-02-06,6owdwhQzoV80Cmjwe95Sf3,"PNKSLM Recordings",7B,,https://i.scdn.co/image/ab67616d0000485171491c88f7d7980c2aaea2f4
27,"Idle Crown","Queen Zee",0,132,"liverpool indie, queercore, uk diy punk","Rock","Queen Zee",2019-02-08,04:27,53,87,0,10,70,0,0,-6,C Major,4,2019-02-08,48Gk83Xk6z3ngFqCtExqiO,"Sasstone Records",8B,,https://i.scdn.co/image/ab67616d00004851dc3e046d43e85d05b5bdb98c
28,"Face of the Sun","Shana Cleveland",0,105,"modern psychedelic folk","Folk/Acoustic","Face of the Sun",2019-01-15,03:29,42,48,49,0,19,0,20,-10,A Minor,4,2019-02-08,1IN1Crb0cBwVu56a42cnsn,"Hardly Art",8A,,https://i.scdn.co/image/ab67616d00004851bc726c6721d6b1c894633182
29,"Wasting Time","Young Scum",5,164,"modern jangle pop, rva indie","Pop, Rock","Young Scum",2018-07-06,02:44,31,91,0,56,55,0,10,-5,A Major,4,2019-02-11,6OFcRJhD7G6QUi0SBM0uZL,"Citrus City Records, Pretty Olivia Records",11B,https://p.scdn.co/mp3-preview/935703d386bf2327707719f88102bef2e134391c?cid=0dd13485836e45ac9134860ee53d835f,https://i.scdn.co/image/ab67616d00004851199b38e7c28cc0a723deb22d
30,"Cosmic Cave","Ex Hex",0,168,"indie punk, modern power pop, riot grrrl","Rock, Pop","Cosmic Cave",2019-01-09,03:00,44,94,1,0,71,0,0,-5,F Major,4,2019-02-12,4jYREYvxXkVKnDv7y1A8yo,"Merge Records",7B,,https://i.scdn.co/image/ab67616d000048514e4fb85d3c2e7285ffcc7cd4
31,"Mind & Care","Please the Trees",1,123,"czech indie","Hip Hop","Infinite Dance",2018-09-19,06:19,32,68,2,26,23,0,20,-9,G Major,4,2019-02-13,3sECeGWdaPv402FRetl1Mp,"Starcastic Records",9B,https://p.scdn.co/mp3-preview/7dbaf87231e3fc036ec941531da44c33a1f41fd0?cid=0dd13485836e45ac9134860ee53d835f,https://i.scdn.co/image/ab67616d00004851ce8e41ab7de45ede6aec25a8
32,"Sympacide","Pion",1,126,"","","Sympacide",2018-03-30,03:58,69,74,0,51,37,0,10,-9,C Major,4,2019-02-14,5KBYh3TWtfGcr1AWwmDJmk,"Entreprise",8B,https://p.scdn.co/mp3-preview/399b5f3434fe284a83325e84caf9c09d55b3ef83?cid=0dd13485836e45ac9134860ee53d835f,https://i.scdn.co/image/ab67616d00004851f01c206bbb7dfb106bd4e712
33,"West Is My Home, Pt. 2","Essam,Fetti Nedds",12,170,"nasheed, ","World/Traditional","12.12",2018-12-12,04:08,57,65,16,0,19,50,10,-7,D#/E♭ Minor,4,2019-02-15,3srDotZorHpdAQalTJqWNN,"Essam",2A,https://p.scdn.co/mp3-preview/8672a0c5c80a7b971a06d6eafffba06507461d9b?cid=0dd13485836e45ac9134860ee53d835f,https://i.scdn.co/image/ab67616d00004851d9d27f699bbd1d032fc08c42
34,"Weird Ways","Strand of Oaks",0,112,"modern folk rock","Rock","Weird Ways",2019-01-15,05:58,26,50,1,1,25,0,10,-7,F#/G♭ Minor,4,2019-02-18,38nNeYynBC9Q42IVn0I0zn,"Dead Oceans",11A,,https://i.scdn.co/image/ab67616d000048513e0ff3b62a79b4b86098c517
35,"Everyone Is a Bad Friend","Sir Babygirl",0,115,"bubblegrunge, new hampshire indie","Rock","Crush on Me",2019-02-15,02:59,49,89,2,0,59,10,10,-4,C Major,4,2019-02-19,6kYDhGsEE6KAgS5rs8LLfw,"Father/Daughter Records",8B,,https://i.scdn.co/image/ab67616d00004851eaf6127d0ee1853aaf0fb5a3
36,"In Your Head","Nilüfer Yanya",0,133,"art pop, uk alternative pop","Pop","In Your Head",2019-01-22,03:27,57,52,0,0,47,0,10,-7,A Major,4,2019-02-20,3yII5eBW54SokaA67zfInk,"ATO Records",11B,,https://i.scdn.co/image/ab67616d00004851fa9bfe3d05f2d91e314abbe8
37,"The Wire","Shovels & Rope",21,135,"alternative country, indie folk, new americana, progressive bluegrass, south carolina indie, stomp and holler","Country, Folk/Acoustic","The Wire",2019-01-15,02:56,56,55,1,0,63,0,10,-7,B Minor,4,2019-02-21,1yvcIA5Gv4079BWuaZfDvA,"Dualtone Music Group, Inc.",10A,https://p.scdn.co/mp3-preview/e983a1d220e6c0d2672aeb61dee773a59ed29efb?cid=0dd13485836e45ac9134860ee53d835f,https://i.scdn.co/image/ab67616d00004851ebca9800f8cbe439bf875375
38,"Pool Party","Rudy Willingham",27,115,"","","Pool Party",2019-01-16,02:36,60,97,34,0,71,10,20,-2,B Minor,4,2019-02-22,3cDx1UYNPhCfO2tfbmKCTC,"Rudy Willingham",10A,https://p.scdn.co/mp3-preview/9680b0f1065211ad0e24b148387a24281f3ea3ea?cid=0dd13485836e45ac9134860ee53d835f,https://i.scdn.co/image/ab67616d00004851f4fa0d31c4617628492eeacb
39,"Cyboogie","King Gizzard & The Lizard Wizard",0,124,"australian psych, double drumming, microtonal, neo-psychedelic","Metal, Rock, Classical, Folk/Acoustic","Cyboogie",2019-02-01,06:47,44,72,7,73,20,0,20,-7,E Minor,4,2019-02-25,67hfDl8W1nAeqU7XPRFmcB,"ATO Records",9A,,https://i.scdn.co/image/ab67616d00004851e934b50a301303d9ec41bedb
40,"placeholder","Hand Habits",0,134,"bedroom pop, chamber pop","Pop","placeholder",2019-01-09,03:50,49,41,3,0,41,0,0,-9,F#/G♭ Minor,4,2019-02-26,07o8dBNKkSiwwtaGxKO6Qb,"Saddle Creek",11A,,https://i.scdn.co/image/ab67616d00004851852498d38e73fc6f7e74fd70
41,"Dylan Thomas","Better Oblivion Community Center,Phoebe Bridgers,Conor Oberst",0,116,"indie pop, indie rock, la indie, pov: indie, chamber pop, melancholia, omaha indie","Pop, Rock, Folk/Acoustic","Better Oblivion Community Center",2019-01-24,03:36,59,81,0,0,51,0,0,-8,D Major,4,2019-02-27,6x14wL9HvABR2Rix8N88EH,"Dead Oceans",10B,,https://i.scdn.co/image/ab67616d00004851f3e71e36d206dc9cb967674d
42,"Marigold","Flamingods",0,125,"","","Marigold",2019-01-17,03:40,40,84,0,0,75,0,30,-9,C Major,4,2019-02-28,57f9BTyO8pzPVjWGzpyyIR,"Moshi Moshi Records",8B,,https://i.scdn.co/image/ab67616d0000485145093c1d6d6e6af32f3a7cda
43,"Planes & Cranes","Emma Lee Toyoda",3,154,"","","I Hear U & I'm Here 4 U",2018-11-09,03:09,29,28,55,81,10,0,10,-14,C Major,3,2019-03-01,3erFuCSdYs31OX5B5h3Rqx,"Youth Riot Records / Enby Party",8B,https://p.scdn.co/mp3-preview/927964002538e57e93a49fd4e8ae371650875257?cid=0dd13485836e45ac9134860ee53d835f,https://i.scdn.co/image/ab67616d00004851804950e65d52b1d59321e86a
44,"Eden","Tallies",0,106,"canadian shoegaze","Rock","Tallies",2019-01-11,03:58,44,90,0,2,57,0,20,-5,A Major,4,2019-03-04,63SUBFdOLAwrgmdt0w7HBg,"fear of missing out records",11B,,https://i.scdn.co/image/ab67616d000048516435bcc208f414d14d02d77e
45,"What Chaos is Imaginary","Girlpool",18,168,"bubblegrunge, countrygaze, indie punk, riot grrrl","Rock, Folk/Acoustic","What Chaos Is Imaginary",2019-02-01,05:23,33,55,45,78,24,10,0,-9,E Minor,4,2019-03-05,0hCShuMaC3qpZp7RJ5VlgX,"Anti/Epitaph",9A,https://p.scdn.co/mp3-preview/6809eee0f774f1c5a38e7b1967db33f229618264?cid=0dd13485836e45ac9134860ee53d835f,https://i.scdn.co/image/ab67616d00004851a6cb228fb0bb6d321b283ee7
46,"Olympic Girls","Tiny Ruins",0,126,"auckland indie, chamber pop, dunedin indie, nz folk","Rock, Pop, Folk/Acoustic","Olympic Girls",2019-02-01,04:37,38,49,70,0,44,0,10,-9,E Major,4,2019-03-06,4ErIc9MpZLNa9xRxNcDBM9,"Marathon Artists",12B,,https://i.scdn.co/image/ab67616d000048514c964855e47bacc9fa8860e1
47,"Slipstream","Holiday Ghosts",0,156,"cornwall indie","Rock","West Bay Playroom",2019-02-15,02:30,50,91,25,0,87,0,60,-6,G Major,4,2019-03-07,1UOknmpYllUuxHNmfooRj7,"PNKSLM Recordings",9B,,https://i.scdn.co/image/ab67616d00004851db6a12189caa00442672254d
48,"Last Chance County","Filthy Friends",0,173,"seattle indie","Rock","Last Chance County",2019-02-12,02:51,26,97,2,0,22,10,10,-2,E Minor,4,2019-03-08,6ERFMF48sSnYihh0nkb5jT,"Kill Rock Stars",9A,,https://i.scdn.co/image/ab67616d000048517fe3012a0c63b13425823ba6
49,"Bluesboy","Deer Tick",1,107,"alternative country, modern folk rock, new americana, rhode island indie, stomp and holler","Country, Rock, Folk/Acoustic","Mayonnaise",2019-02-01,04:10,55,89,2,0,49,0,20,-6,A#/B♭ Major,3,2019-03-11,2uAX8joOQnZkfgJsLz1g6E,"PTKF",6B,,https://i.scdn.co/image/ab67616d00004851cc5dfc95cfe8af531c935382
50,"Blankets","Craig Finn",0,106,"","","Blankets",2019-01-30,04:10,59,88,3,0,68,0,10,-6,C♯/D♭ Major,4,2019-03-12,4kET2kTqwze6Q8JmiCrDv7,"Partisan Records",3B,,https://i.scdn.co/image/ab67616d00004851bcbd6c3f1feff8f990aa653a
51,"Lose It","Stats",0,108,"uk alternative pop","Pop","Other People's Lives",2019-02-15,04:00,61,85,3,0,39,0,0,-7,D Major,4,2019-03-13,6bZHAxJsERAsGsw8FjDJx9,"Memphis Industries",10B,,https://i.scdn.co/image/ab67616d0000485170960e9d731f8c3b3def93fa
52,"The Tower","Bellows",0,130,"bedroom pop","Pop","The Rose Gardener",2019-02-22,04:20,55,61,58,0,51,0,10,-8,G Minor,4,2019-03-14,2IHrngB5zB9dX4Co8R8vjp,"Topshelf Records",6A,,https://i.scdn.co/image/ab67616d00004851e55487202afa2a24a1acde4d
53,"Phantom Heart","LEATHERS",0,140,"canadian post-punk, dark post-punk","Rock","Phantom Heart",2019-02-15,03:54,48,88,0,16,42,0,30,-5,D#/E♭ Major,4,2019-03-15,1HCQ1uyQ2a1KtNucDKGMkN,"LEATHERS",5B,,https://i.scdn.co/image/ab67616d0000485170f32d952406c89a97342ec9
54,"Old Man","Stella Donnelly",0,98,"australian singer-songwriter, perth indie","Folk/Acoustic, Rock","Beware of the Dogs",2019-03-08,03:33,69,76,7,0,70,0,0,-5,C♯/D♭ Minor,4,2019-03-18,6K9QPIt8AR422heY9O372w,"Secretly Canadian",12A,,https://i.scdn.co/image/ab67616d00004851e46284dd97f628323a544297
55,"No Halo","Kevin Morby",0,117,"chamber pop, indie rock, kc indie, modern folk rock","Pop, Rock","No Halo",2019-02-28,03:06,52,72,79,65,56,0,0,-5,C Major,4,2019-03-19,3VQSFTkbM2acvhwzkWztyM,"Dead Oceans",8B,,https://i.scdn.co/image/ab67616d000048516f37cbb928d2e6750d3c29b9
56,"The Great Pixley Train Robbery","Cass McCombs",27,97,"baroque pop, chamber pop, indie rock, neo-psychedelic, singer-songwriter","Pop, Rock, Folk/Acoustic","Tip of the Sphere",2019-02-08,04:00,58,64,16,0,79,0,10,-9,C Major,4,2019-03-20,4oRzacJVFt3KiXehJmRyXb,"Anti/Epitaph",8B,https://p.scdn.co/mp3-preview/d4fe3f5c52af4615e3efb6a83d53fd700668d6d1?cid=0dd13485836e45ac9134860ee53d835f,https://i.scdn.co/image/ab67616d0000485182eba8f114e2bd50b36c5cb5
57,"Younger","The Mountain Goats",0,110,"anti-folk, chamber pop, folk punk, indie rock, lo-fi, melancholia, new weird america","Folk/Acoustic, Pop, Rock","Younger",2019-01-28,05:52,54,58,0,15,71,0,10,-13,B Minor,4,2019-03-21,6208C3qAxNakZF8WXJRp0I,"Merge Records",10A,,https://i.scdn.co/image/ab67616d00004851ebd9775bb054e6b2191e652b
58,"Grains of Salt","Tacocat",0,100,"bubblegrunge, indie punk, indie surf, power-pop punk, riot grrrl, seattle indie","Rock","Grains of Salt",2019-02-14,03:54,49,81,0,0,72,0,0,-5,C♯/D♭ Minor,4,2019-03-22,4nTWQdV8j1aSffnKsgFLzq,"Sub Pop Records",12A,,https://i.scdn.co/image/ab67616d00004851ec84c48c1cd89c9c6c60afb5
59,"Fantasma Vaga","Helado Negro",0,87,"deep latin alternative, experimental pop","Latin, Pop","This Is How You Smile",2019-03-08,04:23,66,35,80,34,44,0,10,-11,C♯/D♭ Minor,4,2019-03-25,7JldbFXMMlQNXIvceL5x6X,"RVNG Intl.",12A,,https://i.scdn.co/image/ab67616d00004851e5342f5ba209ac94fa5dab6f
60,"Everyday","Weyes Blood",0,113,"art pop, chamber pop, experimental folk, experimental pop, indie pop","Pop, Folk/Acoustic","Everyday",2019-02-12,05:07,48,57,27,0,42,0,0,-7,D Major,4,2019-03-26,3rxIqFuKGYsWFx12ovYK8S,"Sub Pop Records",10B,,https://i.scdn.co/image/ab67616d000048513394e3388f41684f628b0897
61,"Let Love Run the Game","Daniel Norgren",0,80,"swedish americana, swedish singer-songwriter","Folk/Acoustic","Let Love Run the Game",2019-03-12,03:24,59,67,76,0,52,0,30,-4,G Major,4,2019-03-27,0eLgYv0oVX44JcUH2IyyfV,"Superpuma Records",9B,,https://i.scdn.co/image/ab67616d00004851c98f60c5e07b6fa4cbb388d9
62,"I Wanna Keep Yr Dog","illuminati hotties",0,161,"bubblegrunge","Rock","I Wanna Keep Yr Dog",2019-03-06,02:58,43,78,1,0,39,0,10,-5,C♯/D♭ Major,4,2019-03-29,04p1LJ1zsEfhZsaPH0SBVD,"Tiny Engines",3B,,https://i.scdn.co/image/ab67616d00004851106ebaf8fdf89fba0ff1852e
63,"Tethered","Versing",0,147,"seattle indie","Rock","Tethered",2019-02-13,03:18,36,78,0,3,11,0,30,-5,G Major,4,2019-03-29,4supF1zsQ3VPJPqBoq98Xv,"Hardly Art",9B,,https://i.scdn.co/image/ab67616d00004851cb56ef4c5dbb4b37e529d594
64,"Mute","Club Night",0,97,"oakland indie","Rock","Mute / Trance",2018-10-24,03:20,35,64,1,0,29,0,0,-6,C Major,1,2019-04-01,39UCAJ1ARXX5klBbW20kPa,"Tiny Engines",8B,,https://i.scdn.co/image/ab67616d000048518f1f129724377b4cf752c720
65,"Dublin Blues","Steve Earle",11,104,"alternative country, classic texas country, country rock, folk, heartland rock, outlaw country, roots rock, singer-songwriter","Country, Rock, Folk/Acoustic","Dublin Blues",2019-01-09,03:48,45,57,38,62,38,0,10,-6,A Major,4,2019-04-02,4cg5snXx4DdwM4ruYxpcGI,"New West Records",11B,https://p.scdn.co/mp3-preview/96afa988cac63729f09fc8cb60e1b6935e97bcd5?cid=0dd13485836e45ac9134860ee53d835f,https://i.scdn.co/image/ab67616d0000485115f509af8b4a8717577631c7
66,"The River","Citizen Cope",21,134,"alternative rock","Rock","Heroin and Helicopters",2019-03-01,04:35,63,93,25,0,73,0,0,-4,G Major,4,2019-04-03,7K0aIMvRPWQ95s3YGD1bfN,"RainWater Recordings",9B,https://p.scdn.co/mp3-preview/b879e21ccf51e1194f0902b65258c86a9daef306?cid=0dd13485836e45ac9134860ee53d835f,https://i.scdn.co/image/ab67616d000048514b4e449ef4b70b1070fe0f91
67,"Dead of Night","Orville Peck",0,100,"alternative country, queer country","Country","Pony",2019-03-22,03:59,45,55,82,36,50,0,0,-12,D Major,4,2019-04-04,4WDazmiEd5PyY3taS11VfD,"Sub Pop Records",10B,,https://i.scdn.co/image/ab67616d0000485156ebaf407e8dbc09afd7f6be
68,"Uproar, Uproar.","Ben Zaidi",0,181,"folk-pop","Pop","All / Alone",2018-12-07,03:03,46,67,74,17,64,30,10,-12,F#/G♭ Minor,4,2019-04-05,5M9DGBKcPN5SSy3387RqJu,"Ben Zaidi, LLC",11A,,https://i.scdn.co/image/ab67616d0000485124e396f5180fdd9565d40603
69,"Without A Blush","Hatchie",0,95,"brisbane indie","Rock","Without A Blush",2019-02-25,04:58,52,74,2,1,58,0,30,-8,G Major,4,2019-04-09,1vXdJ010FQ5UnMHjczXJd9,"Heavenly Recordings",9B,,https://i.scdn.co/image/ab67616d0000485150bd960a9e8408a3259b787f
70,"Even in the Tremor","Lady Lamb",22,118,"indie singer-songwriter, maine indie","Folk/Acoustic","Even in the Tremor",2019-04-05,04:24,65,58,14,0,24,10,20,-8,C♯/D♭ Minor,4,2019-04-09,6F4UgWQag8N1fFK1rcqN50,"Ba Da Bing!",12A,https://p.scdn.co/mp3-preview/960c6c3ce6a41f892ee2f3a7520d51b1e48cc844?cid=0dd13485836e45ac9134860ee53d835f,https://i.scdn.co/image/ab67616d00004851b8b95bec26f04a2678523160
71,"Turning Teeth","Jesus & The Brides of Dracula",0,96,"","","Under the Silver Lake (Original Motion Picture Soundtrack)",2018-07-06,04:37,50,54,4,0,30,0,10,-11,F#/G♭ Minor,4,2019-04-10,1jUbItngG5Tn1swiTd8cHt,"Milan Records",11A,,https://i.scdn.co/image/ab67616d000048516ef25c1dc83dcb3fdfa75428
72,"Capacity","Charly Bliss",0,110,"bubblegrunge, indie punk, modern power pop","Rock, Pop","Capacity",2019-02-06,03:41,64,67,0,0,75,0,10,-5,C♯/D♭ Minor,4,2019-04-11,5ex760hiyHxXM5eMTtY731,"Lucky Number",12A,,https://i.scdn.co/image/ab67616d000048513fac91f6e4cac5ac20c69054
73,"Beware the Heartless","Oceanwires",0,92,"","","There Never Was a Was",2019-02-08,02:53,45,93,0,0,80,0,10,-6,G Major,4,2019-04-13,2nJYGKurQO9ORHbFpzHCph,"Factory Belt Records",9B,https://p.scdn.co/mp3-preview/67ced275ef457ab570c53cca809c889cb7dcdb50?cid=0dd13485836e45ac9134860ee53d835f,https://i.scdn.co/image/ab67616d000048515b8c4042e59edc81378d4c1e
74,"ZORA","Jamila Woods",0,83,"afrofuturism, alternative r&b","R&B","ZORA",2019-02-05,03:06,57,81,8,0,51,0,10,-4,A#/B♭ Minor,4,2019-04-16,3wnwFm1qASQgFIYAVCcfkR,"Jagjaguwar",3A,,https://i.scdn.co/image/ab67616d000048512e665fb493d9063bad693478
75,"stephen","Lowly",0,130,"aarhus indie, danish indie pop, experimental pop","Jazz, Pop","Hifalutin",2019-04-12,04:08,68,46,47,61,17,0,10,-10,G#/A♭ Major,4,2019-04-16,3AwtFDVJ7ZGWxHbQJmk9sN,"Bella Union",4B,,https://i.scdn.co/image/ab67616d00004851936b43d26f33b20ea256d43e
76,"(I Blame) Society","Titus Andronicus",0,91,"indie rock, lo-fi, new jersey indie","Rock","(I Blame) Society",2019-04-02,03:20,28,86,0,0,69,0,30,-5,D Major,4,2019-04-17,2yMhLBzcF2FI5la4zHq6Ar,"Merge Records",10B,,https://i.scdn.co/image/ab67616d000048516b608432e77cf95de4f1e657
77,"The Dark Side of the Sun","Sol Oosel",13,133,"post-punk mexicano","Latin","Janus",2018-08-24,06:29,54,90,0,62,20,0,80,-7,G Major,4,2019-04-18,1jcKz32Gme5pyCVZnWoL2v,"iuydoiway",9B,https://p.scdn.co/mp3-preview/eb9666e6cc40347afb05d6f705ccf0b6f20fb3c2?cid=0dd13485836e45ac9134860ee53d835f,https://i.scdn.co/image/ab67616d000048513cff7bf3beea54b8fdf6e697
78,"Satellites","New Age Healers",0,126,"american shoegaze","Rock","Satellites",2019-04-01,03:48,42,93,0,78,19,0,10,-7,E Major,4,2019-04-19,5WbOOWX2GK8l1cJulTjMlv,"New Age Healers",12B,,https://i.scdn.co/image/ab67616d00004851eef9dbac68631b4e5e2bfeee
79,"Father Mountain","Calexico,Iron & Wine",0,154,"alternative country, chamber pop, roots rock, tucson indie, acoustic pop, indie folk, indie rock, stomp and holler","Pop, Country, Folk/Acoustic, Rock","Father Mountain",2019-03-21,02:54,41,54,55,0,75,0,10,-9,F#/G♭ Major,4,2019-04-22,1whixU26CVa4jqzES8hDst,"Sub Pop Records",2B,,https://i.scdn.co/image/ab67616d00004851b333a28a1d984f34f91dec93
80,"Method Man","Stef Chura",0,177,"bubblegrunge, detroit indie, indie punk","Rock","Method Man",2019-03-06,03:07,27,79,0,0,59,0,10,-7,F Major,4,2019-04-23,7aGSxvbuOcfmPdkQSIbkU0,"Saddle Creek",7B,,https://i.scdn.co/image/ab67616d0000485107f1ea647fc85fa7dc5d6f59
81,"You're Not Always On My Mind","Quivers",0,132,"tassie indie","New age","You're Not Always On My Mind",2019-02-20,03:48,55,88,0,8,35,0,30,-4,G Major,4,2019-04-24,4BIWeSOZGC1BAFahuBUOBY,"Hotel Motel",9B,,https://i.scdn.co/image/ab67616d00004851764d712af166c448f825d867
82,"Choose Yourself","Star Slinger",30,80,"chillwave","Rock","Choose Yourself",2019-01-30,03:18,78,53,88,1,42,0,0,-4,B Minor,4,2019-04-25,5KP7YwndYHeBqU3bdNszHa,"Star Slinger",10A,https://p.scdn.co/mp3-preview/9e99b415d11de31d8d41474d27060f6b269033b2?cid=0dd13485836e45ac9134860ee53d835f,https://i.scdn.co/image/ab67616d00004851b05f4cb627ecf6b4e1d08740
83,"Better Days","OCnotes",0,80,"seattle hip hop","Hip Hop","Better Days",2019-04-12,03:29,27,70,0,8,11,0,30,-6,D Major,4,2019-04-26,2sfGs2aXCtWagxWGeR8lIE,"Sub Pop Records",10B,,https://i.scdn.co/image/ab67616d0000485184357eb34f6b8164e1a55031
84,"Grease Monkey","Uranium Club",20,108,"art punk, egg punk","Rock","The Cosmo Cleaners",2019-03-15,03:59,37,91,0,24,75,0,50,-7,C Minor,4,2019-04-30,0W7555EiwIl7jaSftUBJb8,"Static Shock",5A,https://p.scdn.co/mp3-preview/5e5c8fdcdcc567cafc0ce79452ae06ef067f6b49?cid=0dd13485836e45ac9134860ee53d835f,https://i.scdn.co/image/ab67616d0000485179431d881441ceca6f1341bb
85,"Lucky","Dead Bars",0,92,"orgcore, seattle indie","Rock","Regulars",2019-05-03,02:25,26,87,0,0,58,0,10,-6,G#/A♭ Major,4,2019-05-03,4xavJVuuak5VU6gEaksU58,"A-F Records",4B,,https://i.scdn.co/image/ab67616d00004851e139642f7579d2275b580c44
86,"Süpürgesi Yoncadan","Altin Gün",45,102,"dutch indie, turkish psych","Folk/Acoustic, Pop","Gece",2019-04-26,05:29,52,65,1,25,38,0,0,-12,D Major,4,2019-05-07,1seGm3saXyST058oeZLZWF,"Glitterbeat Records",10B,https://p.scdn.co/mp3-preview/6f75dbfeb4d78cdc71767ffd58987c80c068ea92?cid=0dd13485836e45ac9134860ee53d835f,https://i.scdn.co/image/ab67616d0000485154f6526cabbf2c0c3db8eb61
87,"KRK (At Home In Strange Places)","Vanishing Twin",0,103,"chamber psych, experimental pop, neo-psychedelic","Folk/Acoustic, Pop","KRK (At Home In Strange Places)",2019-03-13,04:25,46,55,16,42,55,0,40,-10,G Major,3,2019-05-07,3FwFEKcd5fbuNKV4DXmiNS,"Fire Records",9B,,https://i.scdn.co/image/ab67616d000048514b623d08b2cfd6012e2a6726
88,"Outside","MorMor",0,127,"canadian contemporary r&b","R&B","Outside",2019-03-21,03:58,64,61,9,43,60,0,10,-7,C♯/D♭ Major,4,2019-05-09,7Cx3kiPstZOSKAqTe3LtEi,"Don't Guess",3B,,https://i.scdn.co/image/ab67616d0000485149fa94f5edbe464524b0dcb7
89,"Frank","Just Mustard",0,151,"crank wave, irish indie rock, irish post-punk","Rock","Frank",2019-04-15,03:02,29,72,5,0,13,0,0,-6,E Major,4,2019-05-10,09PQiefxkduQeaNUknZj8S,"Pizza Pizza Records : PPR005",12B,,https://i.scdn.co/image/ab67616d00004851378363695c044022b2edde2c
90,"All Of Our Yesterdays","Mac DeMarco",49,143,"edmonton indie, lo-fi indie, pov: indie","Folk/Acoustic, Rock, Pop","Here Comes The Cowboy",2019-05-10,04:03,78,43,17,14,57,10,0,-10,D Major,4,2019-05-11,2N16QiEd8CZoEApMGj95wo,"Mac’s Record Label",10B,,https://i.scdn.co/image/ab67616d00004851fa1323bb50728c7489980672
91,"Drive On","Alex Schaaf",0,133,"minneapolis indie","Rock","Drive On, Armistice",2019-04-01,04:17,61,80,7,23,61,0,10,-8,G Major,4,2019-05-14,5yJ30LvJYypBDnUjUzaaMD,"Offline Records",9B,,https://i.scdn.co/image/ab67616d00004851c49aa7a42373777ecb52b32e
92,"Pretending He Was You","Claude Fontaine",0,126,"tropical alternativo","Latin","Claude Fontaine",2019-04-26,03:14,82,55,73,86,82,0,10,-13,G#/A♭ Minor,4,2019-05-15,1mr41aWA40oSY5W4se3Tkg,"Innovative Leisure",1A,,https://i.scdn.co/image/ab67616d0000485121066c7660e10658eac9a85c
93,"F Delano","Kishi Bashi",0,202,"chamber pop, metropopolis, shimmer pop, stomp and whittle","Pop, Electronic","F Delano",2019-04-04,03:24,24,80,16,0,53,0,50,-6,C Major,4,2019-05-16,3lo49mXR0DakVtIguASSmD,"Joyful Noise Recordings",8B,,https://i.scdn.co/image/ab67616d0000485141ba13d264456079641b28ec
94,"Chain of Being","Crows",0,155,"crank wave, uk post-punk revival","Rock","Silver Tongues",2019-03-22,04:23,30,91,0,65,12,0,10,-5,D Major,4,2019-05-17,5IqMzWKNhyO6AgAUtIy54D,"Balley Records",10B,,https://i.scdn.co/image/ab67616d00004851c39a0b2000902f8c8d3bd5fe
95,"Two Colors","Chong the Nomad",0,78,"seattle indie","Rock","Two Colors",2019-04-05,03:55,72,41,24,0,35,50,30,-10,C♯/D♭ Minor,4,2019-05-18,4s37Oi8yMjWzO3DlOPq5ZT,"Chong the Nomad",12A,,https://i.scdn.co/image/ab67616d00004851edc24f97ae4eb5fdb5f5fd7c
96,"Old Engine Oil","The Budos Band",0,93,"afrobeat, ethio-jazz, instrumental funk, instrumental soul","World/Traditional, Jazz, R&B","The Budos Band V",2019-04-12,03:11,40,91,0,84,33,0,10,-6,D Major,4,2019-05-21,2mykyU0Q5oz4Bc7CMeBsk8,"Daptone Records",10B,,https://i.scdn.co/image/ab67616d00004851840af2dc5c469c920fb350ab
97,"Colors","Black Pumas",0,180,"retro soul","R&B","Colors",2019-04-16,04:06,38,70,9,0,60,0,20,-7,C♯/D♭ Minor,4,2019-05-21,1DqMi0rcO0iVQurzxprvL2,"ATO Records",12A,,https://i.scdn.co/image/ab67616d00004851019d66ad7df4f4a9f7e64756
98,"All My Friends","Blushh",4,175,"bubblegrunge","Rock","All My Friends",2019-03-08,04:03,23,63,0,0,42,0,10,-7,G#/A♭ Major,4,2019-05-22,7CSn1LeN8blrEYEJD7GA0Q,"Blushh Records",4B,https://p.scdn.co/mp3-preview/a435bdca2efc19f1d19e071c2217c60f63184205?cid=0dd13485836e45ac9134860ee53d835f,https://i.scdn.co/image/ab67616d0000485132278f057da7e98cbca053f5
99,"Black Light","The Dream Syndicate",14,104,"paisley underground","Rock","These Times",2019-05-03,04:40,42,75,24,72,71,0,10,-5,C Minor,4,2019-05-23,0SvtGs8Vc0rBizqTrJFPiX,"Anti/Epitaph",5A,https://p.scdn.co/mp3-preview/e8d565fc5252a5e449d8f184e724d01de492dab8?cid=0dd13485836e45ac9134860ee53d835f,https://i.scdn.co/image/ab67616d0000485160f68f2a567fb3266b22ca48
100,"Interachnid","Helms Alee",11,138,"drone metal, gaian doom, post-doom metal, post-metal, seattle indie, sludge metal, stoner metal","Metal, Rock","Noctiluca",2019-04-26,03:25,26,90,0,2,35,0,50,-7,E Major,4,2019-05-24,1t0QE2niTNGWg6jOmhgh0E,"Sargent House",12B,https://p.scdn.co/mp3-preview/57310effd55baed6501c977fb719eaabdc02b4b0?cid=0dd13485836e45ac9134860ee53d835f,https://i.scdn.co/image/ab67616d000048513cec6fd89cc95255e528d53e
101,"Gotta Get To Know Ya","Seratones",0,107,"","","Gotta Get To Know Ya",2019-05-24,02:17,59,91,1,0,69,0,10,-4,B Major,4,2019-05-28,07wjhWO3jXXqMa85ot9s6b,"New West Records",1B,,https://i.scdn.co/image/ab67616d000048513806eb8a24b59943c92e8024
102,"Scarecrow","Wand",0,108,"neo-psychedelic, noise pop","Folk/Acoustic, Pop","Laughing Matter",2019-04-19,05:17,63,88,24,47,37,0,10,-7,C♯/D♭ Major,4,2019-05-28,63VghQmoTolswHX9eqkyTp,"Drag City Records",3B,,https://i.scdn.co/image/ab67616d00004851f4bd7381956925e6135d49f9
103,"Change","Mavis Staples",28,122,"black americana, soul, southern soul, spirituals","Country, R&B, Folk/Acoustic","We Get By",2019-05-24,02:56,68,60,74,0,59,0,10,-6,A Minor,4,2019-05-30,5BbYHHJEXOAJMQjLj5jJ3b,"Anti/Epitaph",8A,https://p.scdn.co/mp3-preview/df6cb4ca3aa40ca72cd6913a7d4f3e3ff71b481e?cid=0dd13485836e45ac9134860ee53d835f,https://i.scdn.co/image/ab67616d0000485127d12475983658195016bdf3
104,"Hard to Kill","Bleached",0,128,"bubblegrunge, indie punk, noise pop, riot grrrl","Rock, Pop","Hard to Kill",2019-04-30,03:26,73,70,0,0,87,0,20,-7,C Major,4,2019-05-30,7bU1WWo32oscVeFfZBzbCu,"Dead Oceans",8B,,https://i.scdn.co/image/ab67616d00004851f096ec584e17378fb13561ee
105,"Falling","Dude York",0,172,"bubblegrunge, indie punk","Rock","Falling",2019-05-08,03:46,39,90,0,15,51,0,0,-5,A Major,4,2019-05-31,7Ge8lSYXQVWzbw5cDs35cx,"Hardly Art",11B,,https://i.scdn.co/image/ab67616d0000485105a67b4be58c9b06b9aad282
106,"His-Story Moves in Circles","Arre! Arre!",0,130,"malmo indie","New age","Tell Me All About Them",2019-03-15,03:33,54,64,0,0,42,0,10,-9,C♯/D♭ Minor,4,2019-06-03,79wDh0ArTozuftxutwyxVB,"PNKSLM Recordings",12A,,https://i.scdn.co/image/ab67616d000048513d0708c3b533a5eb344eeff6
107,"She's a Nightmare","Honeyblood",0,136,"bubblegrunge, scottish indie","Rock","In Plain Sight",2019-05-24,03:52,68,81,2,0,42,0,0,-6,G Major,4,2019-06-04,0cJ3sjE8yj8pUKjCKg4iAg,"Marathon Artists",9B,,https://i.scdn.co/image/ab67616d00004851d1cfceb56241dc99c9540701
108,"Faithless","Operators",0,148,"","","Radiant Dawn",2019-05-17,06:33,68,74,0,3,62,0,30,-6,B Minor,4,2019-06-05,32tuObJrpcugLdNH4SiVvr,"Last Gang",10A,,https://i.scdn.co/image/ab67616d00004851961ee2bf9f9ee36ba84b1ef0
109,"Easy","Tycho",22,120,"chillwave, downtempo, electronica, indietronica, intelligent dance music","Rock, Electronic, Pop, New age","Easy",2019-04-17,03:27,61,63,34,95,21,0,10,-15,F Minor,4,2019-06-06,5tjqfi2tLQONdHxnR4SdcO,"Mom+Pop",4A,https://p.scdn.co/mp3-preview/365bd403fafd7d1839f4c97e60bb05c133fa29dd?cid=0dd13485836e45ac9134860ee53d835f,https://i.scdn.co/image/ab67616d000048514cd18b93357d79ef882c27e4
110,"Like Prince","Hezza Fezza",0,116,"","","Teim",2019-03-01,03:37,65,57,71,1,25,0,30,-8,E Major,4,2019-06-07,4LJ06II4z8oMSSsgDC9eIQ,"Hezza Fezza",12B,https://p.scdn.co/mp3-preview/4e3da6e2fe474d7bce3f3efcc099699083056af6?cid=0dd13485836e45ac9134860ee53d835f,https://i.scdn.co/image/ab67616d00004851c6512b63954cb7ceff9aaee7
111,"These Things Happen","Greys",0,135,"canadian punk, indie punk","Rock","Age Hasn't Spoiled You",2019-05-10,03:32,32,92,8,0,14,0,30,-5,E Minor,4,2019-06-10,5or6pd6oqc7HY2HftFb6BS,"Carpark Records",9A,,https://i.scdn.co/image/ab67616d000048516a3cd5b8a9bb0a1892c90aa0
112,"Maximum Wage","La Neve",1,145,"rhode island indie","Rock","Maximum Wage",2019-05-06,03:13,50,78,1,0,8,10,20,-7,D Major,4,2019-06-11,41h1l4oVCyuKr9iimrkcd5,"1270071 Records DK2",10B,https://p.scdn.co/mp3-preview/d1255b0b5bb1cf32c41329fd626163300590c8f8?cid=0dd13485836e45ac9134860ee53d835f,https://i.scdn.co/image/ab67616d00004851318726c6e4d5e93f2cc4a152
113,"Play House","Skating Polly",14,164,"bubblegrunge, indie punk, ok indie, okc indie, riot grrrl","Rock, Country","Play House",2019-04-30,03:25,49,78,3,0,62,10,10,-4,E Major,4,2019-06-12,3dDWrIFCVbF4npPnDGg1or,"El Camino Media, LLC",12B,https://p.scdn.co/mp3-preview/a1378909d7a333d6bd8811ee0c53dd01362dbcbe?cid=0dd13485836e45ac9134860ee53d835f,https://i.scdn.co/image/ab67616d00004851f5cc5782eb72dd9e8f6efc62
114,"Surveil","Maps",0,112,"northamptonshire indie, nu gaze, shoegaze","Rock","Colours. Reflect. Time. Loss.",2019-05-10,04:16,32,38,3,67,4,0,0,-10,C Major,4,2019-06-13,0upjzWxqcq2gbSM7Y16nN9,"Mute",8B,,https://i.scdn.co/image/ab67616d000048510c1aed6b6115997b84a12ab5
115,"Birdwatching","Floored Faces",0,133,"","","Birdwatching",2019-04-20,04:20,37,80,0,89,27,0,40,-7,C Major,4,2019-06-14,06w6ddaNwoLVI8i12KGnNs,"Skyway Records",8B,,https://i.scdn.co/image/ab67616d000048511fa61c7e927878689c0a4f85
116,"Living like A Refugee","Sierra Leone's Refugee All Stars",27,155,"african reggae, sierra leonean pop, world","World/Traditional, Pop","Living Like A Refugee",2006-09-26,03:47,75,38,22,0,80,10,0,-12,A Major,4,2019-06-18,3jsWhwX0virKaGaLsT7FVA,"Anti/Epitaph",11B,https://p.scdn.co/mp3-preview/1027368d183d6781fe9ff106498d3963b0a275ab?cid=0dd13485836e45ac9134860ee53d835f,https://i.scdn.co/image/ab67616d00004851ea5fc9c3f86e24d27524f434
117,"Le Chant Des Fauves","Tinariwen",0,93,"afropop, desert blues, malian blues, musique touareg, tuareg guitar, western saharan folk, world","Pop, Blues, World/Traditional, Folk/Acoustic","The Radio Tisdas Sessions",2001-08-06,07:32,54,36,56,3,47,0,10,-14,G Major,4,2019-06-18,0AwyQWVHUPaXVoDuD9qzTH,"Anti/Epitaph",9B,,https://i.scdn.co/image/ab67616d00004851739d88b54dea95c1e342b171
118,"Yesus","The Evangelist Church Singers",0,84,"","","The Calais Sessions",2016-07-29,02:21,35,20,98,0,43,0,30,-10,C Major,4,2019-06-19,6EMz7sJvu3A269QXDGAoFt,"Sessions of the World",8B,https://p.scdn.co/mp3-preview/a51fa7e728cd1822df4e58e75c63a74d96663da4?cid=0dd13485836e45ac9134860ee53d835f,https://i.scdn.co/image/ab67616d000048514b10f8cd1365c09cbab02360
119,"Lomi Tera-tera","Hailu Mergia,The Walias",0,135,"ethio-jazz, ","Jazz","Tche Belew",2014-10-14,04:06,49,53,8,5,76,0,0,-8,A Minor,3,2019-06-20,5Gy6QArylG7EJ7PIfk5vHG,"Awesome Tapes From Africa",8A,,https://i.scdn.co/image/ab67616d0000485121a44a7a732bd352871abfcd
120,"Hayeelin","Dur-Dur Band",0,124,"arab groove","Pop","Volume 5",2013-03-19,05:40,74,59,73,95,85,0,10,-12,A#/B♭ Major,4,2019-06-21,7qBmYbJW3AKHGxbRXlOpWQ,"Awesome Tapes From Africa",6B,,https://i.scdn.co/image/ab67616d00004851e3deeaf64b9859defd8122ac
121,"I Am Invisible","Wizard Apprentice",5,120,"afrofuturism, experimental indie","R&B, Folk/Acoustic","I Am Invisible",2018-10-13,04:04,40,29,89,0,17,0,10,-15,A Minor,3,2019-06-24,3arGiP3kCxRGU6wrrmaRkT,"Ratskin Records",8A,https://p.scdn.co/mp3-preview/e1cacef925a914863d1c94abe1f6f3b3f9b932b8?cid=0dd13485836e45ac9134860ee53d835f,https://i.scdn.co/image/ab67616d00004851bb04917284e6de7f5fcd114d
122,"Spectrum","MHYSA",13,117,"deconstructed club, electra, transpop","Pop","Fantasii",2017-07-21,03:35,75,52,5,58,20,10,10,-10,C♯/D♭ Major,4,2019-06-25,0vkckzNMf9PEkok4IKxpnO,"Halcyon Veil",3B,https://p.scdn.co/mp3-preview/95127ee4dec49c938d501005f186cfe623d66698?cid=0dd13485836e45ac9134860ee53d835f,https://i.scdn.co/image/ab67616d00004851bec2818827d47efe30f94448
123,"Johnny Bravo","Dizzy Fae",0,111,"alternative r&b, minneapolis indie","R&B, Rock","Free Form Mixtape",2018-02-02,03:14,81,79,3,0,65,0,0,-6,C♯/D♭ Major,4,2019-06-26,4sOWCt3b9j4gzUipgVuuje,"Dizzy Fae, LLC",3B,,https://i.scdn.co/image/ab67616d0000485178d70baac80774d13f42debe
124,"How Glad I Am","Melanie Charles",16,70,"brooklyn indie","Rock","The Girl with the Green Shoes",2017-09-22,05:06,32,32,58,10,17,0,0,-13,A#/B♭ Major,4,2019-06-27,6qrIKMtGiuDNSKdXBc3Uid,"Hot Record Societe",6B,https://p.scdn.co/mp3-preview/e95baa4ac1543f2a384b60ca96d039cd10b4c52f?cid=0dd13485836e45ac9134860ee53d835f,https://i.scdn.co/image/ab67616d00004851934e79940f6a058aba7a4f53
125,"Somewhere in Between","Your Heart Breaks,Clyde Petersen",5,125,"olympia wa indie, ","Rock","Drone Butch Blues",2019-04-19,02:49,84,38,72,0,30,0,10,-10,C Major,4,2019-06-28,0bJV3aCroaHgThm5U9jf8C,"SofaBurn",8B,https://p.scdn.co/mp3-preview/e1ed3759f1140ced322f67d62ad7ae54e5a21147?cid=0dd13485836e45ac9134860ee53d835f,https://i.scdn.co/image/ab67616d000048517c763db9c19b501196cab413
126,"Superbike","Jay Som",0,95,"art pop, bay area indie, bubblegrunge, indie pop, oakland indie, small room","Pop, Rock","Superbike",2019-06-04,03:53,43,88,5,84,66,0,10,-6,G Major,4,2019-07-02,3WXGYdj0MIzIG92ohmq6se,"Lucky Number",9B,,https://i.scdn.co/image/ab67616d000048517d84f498a8b4807364e4b68f
127,"Don’t Be So Hard On Yourself","Alex Lahey",0,149,"australian indie, melbourne indie","Electronic, Rock","The Best of Luck Club",2019-05-17,04:18,48,84,0,0,21,0,10,-6,C Major,4,2019-07-02,4oeZQ5PKG8i8agA5BMwfTc,"Dead Oceans",8B,,https://i.scdn.co/image/ab67616d00004851554a5b29b0f5ebc8f15928a2
128,"Forgiver","Boundaries",1,151,"danish post-punk","Rock","Tusk/Forgiver",2019-05-24,03:51,43,97,0,51,15,0,30,-4,G#/A♭ Minor,3,2019-07-03,1z4AJNrdrdlMxI8xIjkkLI,"Boundaries",1A,https://p.scdn.co/mp3-preview/b2d0b1c99775f62cbe3308ec8e67a300a3299817?cid=0dd13485836e45ac9134860ee53d835f,https://i.scdn.co/image/ab67616d0000485160c3004ab0ec512092bd54b9
129,"Un-Becoming","J. Robbins",0,162,"post-hardcore","Rock","Un-Becoming",2019-05-31,03:22,52,92,6,0,32,0,10,-5,G#/A♭ Major,4,2019-07-04,6T8JNl1osItm0m6MxzRzNb,"Dischord Records",4B,,https://i.scdn.co/image/ab67616d00004851ccb5fd02f84ca1fc84182a65
130,"Intentions","Youryoungbody",11,110,"witch house","Electronic","Devotion",2019-05-10,03:33,58,81,31,9,30,0,20,-6,A Minor,4,2019-07-05,678NM3Z82q8rmGsUSbuq3m,"Youryoungbody & End of Saints",8A,https://p.scdn.co/mp3-preview/735a32585bd0e12ba96c1c18be12498f68af16fe?cid=0dd13485836e45ac9134860ee53d835f,https://i.scdn.co/image/ab67616d00004851290cf469a7c7476cbb86cf41
131,"Remainder","Trupa Trupa",1,144,"polish indie rock, polish noise rock, polish post-punk","Rock, Folk/Acoustic","Remainder",2019-05-23,03:02,48,96,7,95,19,0,20,-9,D Major,4,2019-07-08,37X1rLJ5Xigz86Nr6QMnBb,"Glitterbeat Records",10B,https://p.scdn.co/mp3-preview/bd88e087f24c45751aa14b256449ab08b55302df?cid=0dd13485836e45ac9134860ee53d835f,https://i.scdn.co/image/ab67616d00004851a0b14b76c3d4e2bede9330ca
132,"Love Yourself","Sufjan Stevens",0,144,"art pop, baroque pop, chamber pop, indie pop, indie rock, singer-songwriter","Pop, Rock, Folk/Acoustic","Love Yourself / With My Whole Heart",2019-05-29,03:48,47,71,56,19,14,0,10,-13,F Major,4,2019-07-09,1Gna86CVYMyQxLNHqqp8fK,"Asthmatic Kitty",7B,,https://i.scdn.co/image/ab67616d00004851996ac271b09250693132e97a
133,"Hurry On Home","Sleater-Kinney",17,124,"alternative rock, indie rock, noise pop, olympia wa indie, riot grrrl","Rock, Pop","Hurry On Home",2019-05-29,02:48,59,88,3,0,50,0,10,-4,C♯/D♭ Major,4,2019-07-10,146nEDCHUUvoDLOaf56r7K,"Mom+Pop",3B,https://p.scdn.co/mp3-preview/2c18fb1404ec29b599b81811bd27a276acff1d7c?cid=0dd13485836e45ac9134860ee53d835f,https://i.scdn.co/image/ab67616d000048518ee8d47119f49b8e6e4991c9
134,"Got You","Amyl and The Sniffers",0,94,"australian garage punk, melbourne punk","Blues","Amyl and The Sniffers",2019-05-24,02:18,66,76,0,3,61,0,10,-4,F#/G♭ Major,4,2019-07-11,5eRHVLdcgufbRCt470HVON,"Rough Trade",2B,,https://i.scdn.co/image/ab67616d000048511456d5daba3bf3ede8d2d45c
135,"PDA","Manatee Commune",0,120,"","","PDA",2019-05-03,04:38,93,53,57,20,31,30,0,-10,D Major,4,2019-07-14,5qYZGDCoWhb7AR72N0h0uH,"Bastard Jazz Recordings",10B,,https://i.scdn.co/image/ab67616d00004851e7377c928891435c6e9f6c1f
136,"Hot Motion","Temples",0,140,"garage rock, neo-psychedelic","Rock, Folk/Acoustic","Hot Motion",2019-06-05,05:48,45,92,0,4,43,0,20,-5,D Minor,4,2019-07-15,0WeuLiBpprHQOpMl9TKDKC,"ATO Records",7A,,https://i.scdn.co/image/ab67616d00004851380b728a67568baf2a282b2a
137,"Inside Illumination","Hibou",0,80,"chill dream pop, electropop","Pop","Silver",2019-07-12,03:53,47,92,1,56,80,0,10,-7,G#/A♭ Minor,4,2019-07-16,1oqPAxJVwhzeGwIU24TGnn,"Barsuk Records",1A,,https://i.scdn.co/image/ab67616d000048517238392551445b711db88c4c
138,"Good Ones","Slaughter Beach, Dog",0,180,"alternative emo, bubblegrunge, emo, lo-fi emo, pov: indie, small room","Rock, Pop","One Down/Good Ones/Heart Attack",2019-06-26,04:52,40,63,14,11,57,0,10,-9,G Major,4,2019-07-17,4CVvaBoN50EKv9JztbExT7,"Big Scary Monsters",9B,,https://i.scdn.co/image/ab67616d000048510ce9ea86e983b89988683deb
139,"Still Exist","Necking",4,93,"canadian post-punk, canadian punk","Rock","Cut Your Teeth",2019-07-05,02:22,49,89,0,0,40,0,10,-5,D Major,4,2019-07-19,2vvrRMf17QO8RYHuTIv8Qq,"Mint Records",10B,https://p.scdn.co/mp3-preview/009c9dd3b3411fd55cf0df59220be7af834ec786?cid=0dd13485836e45ac9134860ee53d835f,https://i.scdn.co/image/ab67616d00004851addc0eb8264665e28c3af4db
140,"Shape","Julia Shapiro",0,135,"bubblegrunge","Rock","Perfect Version",2019-06-14,04:05,53,64,65,82,33,0,10,-13,A Major,3,2019-07-19,69m3Dt5kkOJ2NEUvNSjwZY,"Hardly Art",11B,,https://i.scdn.co/image/ab67616d000048510d9582fe5c671a5d5e753a45
141,"Clovers","Barrie",0,90,"brooklyn indie, indie pop","Rock, Pop","Happy To Be Here",2019-05-03,04:14,70,57,5,49,68,0,20,-8,F Minor,4,2019-07-22,20pGTJQx9VkRrW7Pvw5R2m,"Winspear",4A,,https://i.scdn.co/image/ab67616d00004851ed69fc4ac7b70137cb80eb09
142,"Can't Find My Heart","Broken Social Scene",0,156,"alternative rock, baroque pop, canadian indie, canadian rock, indie rock, noise pop","Rock, Pop","Can't Find My Heart",2019-03-20,05:09,40,92,0,0,11,10,0,-5,E Major,4,2019-07-23,6iRYhL6cwnuT2EnWsiDW15,"Arts & Crafts Productions Inc.",12B,,https://i.scdn.co/image/ab67616d00004851087c87eff6bee15dca5734b9
143,"History Repeats","Brittany Howard",8,98,"black americana, modern blues rock, neo soul","Country, Rock, R&B","History Repeats",2019-06-25,03:04,56,93,44,31,62,10,20,-6,B Minor,4,2019-07-24,38npp0ManWNo1ivZ5kCOUt,"Columbia",10A,https://p.scdn.co/mp3-preview/40cd4746a59b126552ed459a6a37170d96712dfa?cid=0dd13485836e45ac9134860ee53d835f,https://i.scdn.co/image/ab67616d0000485157559526fb9f5a64d37232ba
144,"Gold Past Life","Fruit Bats",0,94,"chamber pop, indie folk, indie rock, new americana, stomp and holler","Pop, Folk/Acoustic, Rock","Gold Past Life",2019-06-21,03:29,80,63,74,4,71,0,0,-8,C Major,4,2019-07-25,1zkBRlk5YyMmQPNJOXaiyU,"Merge Records",8B,,https://i.scdn.co/image/ab67616d00004851742150b8a41483206b432f72
145,"Come Easy","Black Nite Crash",1,150,"american shoegaze","Rock","Conflict of Disinterest",2019-04-01,05:15,43,77,0,24,18,0,10,-7,E Major,4,2019-07-27,2FzSQJKb0m8iqp3HsJAf0q,"Neon Sigh",12B,https://p.scdn.co/mp3-preview/715644497a53fa2c501da1a47c0013980294e839?cid=0dd13485836e45ac9134860ee53d835f,https://i.scdn.co/image/ab67616d000048519e024003dbb71831a28b1ee5
146,"Flowers (feat. Father)","Faye Webster",0,78,"atlanta indie, indie pop","Rock, Pop","Atlanta Millionaires Club",2019-05-24,04:21,68,21,66,0,6,10,10,-15,G Major,4,2019-07-29,0MJSvmvNu0IGFMmYtW8KNH,"Secretly Canadian",9B,,https://i.scdn.co/image/ab67616d000048512e132a81fd103d3ee20033cf
147,"The Storm","Abjects",0,160,"","","Never Give Up",2019-02-15,04:40,19,91,0,0,50,0,0,-4,F#/G♭ Major,4,2019-07-31,4wSelO7jJNyL7mKqV9Uxuf,"Yippee Ki Yay Records",2B,,https://i.scdn.co/image/ab67616d000048510f4bef1e3e97350b53fa3091
148,"The 20 Teens","WIVES",1,117,"","","The 20 Teens",2019-05-29,03:45,49,95,7,0,42,0,10,-4,G Major,4,2019-07-31,2isHKRd1AF2NFaPGfNu82N,"City Slang",9B,https://p.scdn.co/mp3-preview/fc89255951158131a986c57d55a1f37aa176793a?cid=0dd13485836e45ac9134860ee53d835f,https://i.scdn.co/image/ab67616d0000485117ab349e1c8ac6b7c05e2393
149,"Nowhere","Shannon Lay",0,146,"indie folk, pop folk","Folk/Acoustic","Nowhere",2019-06-04,02:54,54,58,75,0,43,0,10,-9,G Major,3,2019-08-01,1RUasKNtvdiaETu0Jn6rvZ,"Sub Pop Records",9B,,https://i.scdn.co/image/ab67616d0000485137748b9438aab7173b3e4308
150,"This Illusion","Black Ferns",0,122,"","","This Illusion",2019-06-07,03:00,50,88,0,75,45,0,10,-10,D Major,4,2019-08-02,07s75encA7OK88kItJhCCz,"Northern Light Records",10B,https://p.scdn.co/mp3-preview/3b11f046db6627c68ca5ec6fe30f89cab2b0013f?cid=0dd13485836e45ac9134860ee53d835f,https://i.scdn.co/image/ab67616d0000485100dc95a40e7211245fad9fcf
151,"Great Concerns","Lust For Youth",0,118,"danish post-punk, grave wave, new isolationism","Rock, Pop, New age","Lust for Youth",2019-06-07,03:57,61,94,2,0,49,0,0,-6,A Minor,4,2019-08-05,4ychcfUECnHny82M3kNNi7,"Sacred Bones Records",8A,,https://i.scdn.co/image/ab67616d0000485197e0f83fd06b92ac4daf2ba9
152,"Kill Appeal","Greys",0,170,"canadian punk, indie punk","Rock","Age Hasn't Spoiled You",2019-05-10,03:11,39,97,0,13,6,10,40,-7,F Minor,4,2019-08-06,3lyhVC37vDANobVhwaztnY,"Carpark Records",4A,,https://i.scdn.co/image/ab67616d000048516a3cd5b8a9bb0a1892c90aa0
153,"Break Me Down","Garcia Peoples",0,135,"neo-psychedelic","Folk/Acoustic","Natural Facts",2019-03-29,04:15,36,93,20,40,45,0,20,-5,C Major,4,2019-08-07,3nR5pjdCPbukdmM1cvmx3s,"Beyond Beyond Is Beyond Records",8B,,https://i.scdn.co/image/ab67616d0000485132b394efc1e88b4b88611b03
154,"Black Halo","Black Pistol Fire",0,124,"alternative roots rock, modern blues rock","Rock","Black Halo",2019-03-20,03:23,51,82,0,0,53,0,40,-5,A Minor,4,2019-08-08,4LnCZ2We3x2t0AT07qdsWE,"Black Pistol Fire",8A,,https://i.scdn.co/image/ab67616d0000485105750b9818b9f24402748c20
155,"Worthy","Palehound",0,107,"boston indie, boston rock, bubblegrunge, indie punk, new england emo","Rock","Black Friday",2019-06-07,02:52,62,63,10,0,39,0,30,-8,G Major,4,2019-08-09,2C241vOljngKGseZH3ZYwO,"Sydvolio Records",9B,,https://i.scdn.co/image/ab67616d0000485194578168929db5d9bccdb773
156,"Farfisa Song","Camp Saint Helene",2,143,"","","Farfisa Song",2019-06-17,04:25,46,27,4,4,13,0,10,-15,C Major,3,2019-08-12,76QinZICmHCFucTDdENKGq,"Camp Saint Helene",8B,https://p.scdn.co/mp3-preview/df8a0b5c27da521f883b4f56c1671527d9fdaa49?cid=0dd13485836e45ac9134860ee53d835f,https://i.scdn.co/image/ab67616d00004851ca94a264ee37edb4b73ca3ce
157,"Alexandra","RVG",2,136,"melbourne indie","Rock","Alexandra/Dying On The Vine",2019-06-10,04:03,55,73,0,0,62,0,10,-7,C Major,4,2019-08-13,0x2kQ8wUnx96vsW9xeG5hk,"Universal Music Australia Pty. Ltd.",8B,https://p.scdn.co/mp3-preview/b3aa25cccf1ad87aff6ac3f33d8d7508dee57496?cid=0dd13485836e45ac9134860ee53d835f,https://i.scdn.co/image/ab67616d00004851e49fe124a0069bbc730e9cf9
158,"Darkness and Cold","Purple Mountains",0,113,"alternative country, chamber pop, lo-fi, modern power pop","Country, Pop, Rock","Purple Mountains",2019-07-12,03:58,58,59,12,0,83,0,10,-8,G Major,4,2019-08-14,0u0T1GV1EhwJkuDGme2bez,"Drag City Records",9B,,https://i.scdn.co/image/ab67616d0000485148f4898980fbe9f97cdff172
159,"The Arms","Ty Segall",0,153,"bay area indie, garage rock, indie rock, lo-fi, neo-psychedelic, noise pop, noise rock, oc indie","Rock, Folk/Acoustic, Pop, R&B","First Taste",2019-08-02,03:30,52,70,6,0,69,0,0,-7,G Major,4,2019-08-15,3NkGBRg9eWFVJ62L49XEP0,"Drag City Records",9B,,https://i.scdn.co/image/ab67616d00004851d6a19eb737f6160596cca4a1
160,"Fruit","The Berries",0,112,"","","Fruit",2019-07-17,02:44,50,74,12,11,78,0,20,-8,G Major,4,2019-08-16,4mOp5xybeTJm2KdNlSxY3B,"Run For Cover Records, LLC",9B,,https://i.scdn.co/image/ab67616d000048513d571b88f8c3b4a3950a139e
161,"i'll die anyway.","girl in red",2,158,"bedroom pop, indie pop, norwegian indie, pov: indie","Pop, Electronic","i'll die anyway.",2019-07-17,03:12,47,63,0,57,17,0,0,-7,C Major,4,2019-08-19,7yyJF1BYBaCifNmO1RGhv7,"world in red",8B,,https://i.scdn.co/image/ab67616d00004851ba7df0fab9688ed94268d848
162,"Four of Five","Khruangbin",0,82,"indie soul, neo-psychedelic","R&B, Folk/Acoustic","Hasta El Cielo (Con Todo El Mundo In Dub)",2019-07-12,04:17,68,33,18,89,68,10,10,-13,E Minor,4,2019-08-20,2wxmN1U9M8fM2k12Zxkc2O,"Dead Oceans",9A,,https://i.scdn.co/image/ab67616d000048515ac5f0338e0dbcd54d6b960a
163,"Konichiwa","Donny Benét",0,110,"australian alternative pop, synth funk","Pop, R&B","The Don",2018-04-06,04:37,81,54,18,1,84,0,10,-9,D Minor,4,2019-08-21,2j9I4ulgwznwV1RIvIAL7f,"Dot Dash Recordings",7A,,https://i.scdn.co/image/ab67616d00004851c837282f6b83c946560e0f68
164,"What Comes After Certainty","Bill Callahan",0,177,"alternative country, art pop, chamber pop, lo-fi, singer-songwriter, slowcore, solo wave","Country, Pop, Rock, Folk/Acoustic","Shepherd in a Sheepskin Vest",2019-06-14,03:42,46,16,96,58,30,0,10,-18,C Major,4,2019-08-22,5ZZwQkDUUzsIbSBhnaWJfG,"Drag City Records",8B,,https://i.scdn.co/image/ab67616d00004851dd482358a18a7141b302f3c8
165,"(Downtown) Dancing","YACHT",0,110,"ai, alternative dance, chillwave, dance-punk, indietronica, neo-synthpop, new rave, shimmer pop","Pop, Rock","(Downtown) Dancing",2019-06-21,05:37,86,62,2,51,56,0,0,-6,F Minor,4,2019-08-23,0OtXNR0kRTUaSlib78wGlA,"DFA",4A,,https://i.scdn.co/image/ab67616d00004851cc556ed45cb697d7357cb38e
166,"Means To Me","Long Beard",0,115,"bubblegrunge","Rock","Means To Me",2019-07-31,03:44,31,65,13,19,15,0,10,-7,G#/A♭ Major,4,2019-08-26,5c7n2cMK5HxCJxlnxFcYxF,"Double Double Whammy",4B,,https://i.scdn.co/image/ab67616d00004851fece0164f576c0c3166f1481
167,"Round and Round","Geowulf",0,110,"modern dream pop","Pop","Round and Round",2019-08-05,04:09,50,69,0,2,70,0,10,-7,B Minor,4,2019-08-27,2bTz8x5FRf8ITM2ZjDXZpG,"[PIAS]",10A,,https://i.scdn.co/image/ab67616d00004851c019ddfce406954193f97209
168,"Sunglasses","Black Country, New Road",0,117,"crank wave, indie rock, london indie, uk post-punk revival","Rock","Sunglasses",2019-07-26,08:53,48,50,17,0,20,0,10,-7,F#/G♭ Minor,4,2019-08-29,65UwL8cFTFyMA8uh1nr95p,"BC,NR/Speedy",11A,,https://i.scdn.co/image/ab67616d00004851afbff70662b4fee757e50970
169,"Schuster","Blackpool Astronomy",0,108,"american shoegaze","Rock","The Secret Language of a Nervous Breakdown",2019-07-09,04:29,40,76,0,15,41,0,10,-9,D Major,3,2019-08-30,0LIlloqcyTFHzIBECuvhMO,"584894 Records DK",10B,https://p.scdn.co/mp3-preview/ddff587347c77ea92639d8902f3bbd2713c8f93a?cid=0dd13485836e45ac9134860ee53d835f,https://i.scdn.co/image/ab67616d000048514bf0c5b9f5f28ca1b1944b3c
170,"I Drive","Lower Dens",10,122,"baltimore indie, chillwave, noise pop, nu gaze, transpop","Rock, Pop","I Drive",2019-07-09,03:49,56,79,1,0,11,0,10,-6,G Major,4,2019-09-03,7mAdQNbJ2YxD0JDlq8lvmC,"Ribbon Music",9B,https://p.scdn.co/mp3-preview/05f64305377441dbe26b869917f8e2dc3be98f66?cid=0dd13485836e45ac9134860ee53d835f,https://i.scdn.co/image/ab67616d00004851be09fc1758157cebcc361f95
171,"All Mirrors","Angel Olsen",0,105,"alternative americana, art pop, chamber pop, countrygaze, dream pop, experimental pop, indie pop, indie rock, noise pop, singer-songwriter","Folk/Acoustic, Pop, Rock","All Mirrors",2019-07-31,04:42,43,69,0,0,23,0,10,-7,G Minor,4,2019-09-03,4ZQdynvfiayhdoq5lcuCQ1,"Jagjaguwar",6A,,https://i.scdn.co/image/ab67616d00004851311fde13589cfdd4c80360ff
172,"Let Me Go","SAULT",57,120,"indie soul, pop soul","R&B","5",2019-05-05,03:13,61,74,0,5,59,0,40,-8,G Major,4,2019-09-04,5fzUKYfATEqxDmRWfbikAm,"Forever Living Originals",9B,https://p.scdn.co/mp3-preview/2e58bfe6c7ff728bf003f3669c68da00519c7eeb?cid=0dd13485836e45ac9134860ee53d835f,https://i.scdn.co/image/ab67616d0000485130b7c883e2f389dfa0cbd788
173,"Heaven","Juliper Sky",9,158,"dreamgaze","Rock","Heaven",2019-07-26,03:51,27,71,0,19,22,0,0,-8,G Minor,4,2019-09-05,3Gl4MdpwVhA3G7XXBHdJG9,"1355321 Records DK2",6A,https://p.scdn.co/mp3-preview/1bc8f9161fd7f4aa63a538f66e32168250b5ea00?cid=0dd13485836e45ac9134860ee53d835f,https://i.scdn.co/image/ab67616d00004851e6f52dcf4efb92d1537f5cdb
174,"Holy Moly","Chris Staples",0,120,"stomp and flutter","Folk/Acoustic","Holy Moly",2019-06-28,02:35,76,62,1,35,97,0,0,-7,G Major,4,2019-09-06,34ssU0maaqWb2TACW92hn5,"Barsuk Records",9B,,https://i.scdn.co/image/ab67616d00004851434c801576ddcc5db9640b05
175,"Arluck","Russian Circles",36,85,"american post-rock, instrumental post-rock, instrumental rock, post-metal, post-rock, sludge metal","Rock, Metal","Blood Year",2019-08-02,06:33,30,67,0,81,24,0,10,-7,E Minor,4,2019-09-09,0aOsJ0gpHm7cfG2AMaBX1g,"Sargent House",9A,https://p.scdn.co/mp3-preview/f3cf480f71823de8c0a779d6bfc817c5073a0ac8?cid=0dd13485836e45ac9134860ee53d835f,https://i.scdn.co/image/ab67616d0000485102c18c4133556edd24fed53a
176,"Take My Mind","Guards",0,132,"","","Modern Hymns",2019-05-22,03:27,68,93,14,0,96,0,10,-5,A Major,4,2019-09-10,5JkKjjqTWVKOC4iuuvRKfW,"Apocalypse Music Group",11B,,https://i.scdn.co/image/ab67616d00004851b29b474f3c71d6db13fa2c06
177,"Skin Game","DIIV",0,125,"brooklyn indie, dream pop, dreamo, indie rock, indie surf, modern dream pop, neo-psychedelic, nu gaze, shoegaze","Rock, Pop, Folk/Acoustic","Skin Game",2019-07-24,04:25,48,75,0,81,40,0,10,-6,F#/G♭ Minor,4,2019-09-11,2Paii6qKa1C0AKWLFnruFy,"Captured Tracks",11A,,https://i.scdn.co/image/ab67616d00004851c81f8a317099ccbecc0859e3
178,"Electrian","DJ Seinfeld",0,131,"lo-fi house","Electronic","Galazy EP",2019-05-17,06:52,67,58,0,85,38,0,10,-6,F#/G♭ Major,4,2019-09-12,6351qyccfDeVbjSgIR7Yvq,"Young Ethics",2B,,https://i.scdn.co/image/ab67616d00004851edfa754abfb1dba2eddbc882
179,"Can't Tell Me No","Summer Cannibals",0,180,"bubblegrunge, indie punk, portland indie","Rock","Can't Tell Me No",2019-06-28,03:44,47,75,0,1,64,0,0,-7,E Minor,4,2019-09-15,2egifl0R1pgzoryOJP3QNi,"Tiny Engines",9A,,https://i.scdn.co/image/ab67616d000048515166785a5d4b568eb0130de0
180,"Té de Malvón","La Bruja de Texcoco",31,100,"mexican indie, musica mexiquense, nuevo folklore mexicano","Latin","De Brujas, Peteneras y Chachalacas",2019-04-12,06:37,60,64,61,1,76,40,30,-8,A Minor,4,2019-09-16,3BYSoeWlqUgIwfY77C8VgE,"La Bruja de Texcoco",8A,https://p.scdn.co/mp3-preview/07a7737afd4efc74b3ac01d640cbc764e14964c9?cid=0dd13485836e45ac9134860ee53d835f,https://i.scdn.co/image/ab67616d0000485107616bb6db58d136f1736874
181,"La Noche Total","Belafonte Sensacional",32,79,"mexican indie, mexican rock","Latin, Rock","La Noche Total",2019-02-15,03:06,64,73,17,78,71,0,30,-10,E Major,4,2019-09-17,4It51G6SktveC9gzWqM9OW,"Belafonte Sensacional",12B,https://p.scdn.co/mp3-preview/ab772b0f07d18b4e42e651619de2e8a8478cd878?cid=0dd13485836e45ac9134860ee53d835f,https://i.scdn.co/image/ab67616d00004851b6ebf168043e7b5050ee24d9
182,"Básica (feat. The Tbd)","Luisa Almaguer,The TBD",19,99,"indie triste, ","Latin","Mataronomatar",2019-02-22,03:07,66,56,4,0,55,0,10,-6,F#/G♭ Minor,4,2019-09-18,2BmVj9QiXUomT23b2y3aCl,"Luisa Almaguer",11A,https://p.scdn.co/mp3-preview/2cfec29f304497a254ef07c4fbaf7504669b2150?cid=0dd13485836e45ac9134860ee53d835f,https://i.scdn.co/image/ab67616d000048513b7151ddfdae8642f0064650
183,"Asco","San Pedro el Cortez",13,193,"mexican rock, psicodelia mexicana, tijuana indie","Rock, Latin","Un Poco Más de Luz",2017-09-07,02:42,22,98,0,0,60,0,30,-7,C Major,4,2019-09-19,1cHLMNlKFPD9htbpPFZv2e,"Erizo Records / Discos Intolerancia",8B,https://p.scdn.co/mp3-preview/07c393a35b36b6f9683dcd44f4242aad4f32319e?cid=0dd13485836e45ac9134860ee53d835f,https://i.scdn.co/image/ab67616d000048511603bb2a78758847b9d21e1f
184,"Flor de Oro","Orquestra Pacifico Tropical",2,170,"tropical alternativo","Latin","El Tren",2018-04-07,03:06,30,91,6,38,70,0,0,-4,A Minor,4,2019-09-20,2tTZ30Y47onTYDssqpOBm4,"Orquestra Pacifico Tropical",8A,https://p.scdn.co/mp3-preview/e12f6ea56faa1a17fe0c9ac4c6599526c94d170b?cid=0dd13485836e45ac9134860ee53d835f,https://i.scdn.co/image/ab67616d00004851f4c6ae257449efc86e98c016
185,"Heavenly","Cigarettes After Sex",25,105,"ambient pop, dream pop, el paso indie, shoegaze","Pop, Country, Rock","Heavenly",2019-08-28,04:48,54,43,63,65,12,0,10,-9,G#/A♭ Major,4,2019-09-23,6dwNcWigdxPUcqfz2zM6GL,"PTKF",4B,,https://i.scdn.co/image/ab67616d00004851b97d7592d933f2c9da26a262
186,"Body","Julia Jacklin",0,85,"chamber pop, countrygaze, indie pop, sydney indie","Pop, Folk/Acoustic, Rock","Crushing",2019-02-22,05:07,81,17,69,1,8,0,10,-12,A Minor,4,2019-09-24,6H06AxfSgs3qnuhbUfMc6z,"Transgressive",8A,,https://i.scdn.co/image/ab67616d0000485184330e4276e1ab30d15e78aa
187,"Show Me","Mikal Cronin",0,77,"garage pop, garage psych, modern power pop, noise pop","Pop, Folk/Acoustic","Show Me",2019-07-31,04:51,47,64,8,0,50,0,10,-6,G#/A♭ Minor,4,2019-09-26,69r92BS4cJJJPPSApE2rZs,"Merge Records",1A,,https://i.scdn.co/image/ab67616d00004851e69334125047c027edfd0b86
188,"Stars Are the Light","Moon Duo",0,110,"neo-kraut, neo-psychedelic","Folk/Acoustic","Stars Are the Light",2019-06-27,04:25,60,99,23,93,67,0,10,-5,G Major,4,2019-09-28,2pCEtTp6Kb26UD4HXtJGct,"Sacred Bones Records",9B,,https://i.scdn.co/image/ab67616d00004851532d294d31898eec0a3e19c7
189,"Red Light","Tei Shi",0,148,"alternative r&b, art pop, escape room, gauze pop, shimmer psych, spectra, vapor pop","R&B, Pop","Red Light",2019-07-18,02:40,69,47,72,0,67,0,0,-7,C♯/D♭ Minor,4,2019-09-30,5AmXK8VkFIp4nT1TpD4gya,"Downtown Records",12A,,https://i.scdn.co/image/ab67616d00004851c7293ab01660f144c7019e6e
190,"Time To Go Home - David Ferguson Mix","Songhoy Blues,David Ferguson",0,88,"malian blues, ","Blues","Time To Go Home",2019-08-28,04:33,60,77,33,1,72,0,10,-8,F Major,4,2019-10-01,7BQRVygwreSBW1IebRjrgV,"Transgressive",7B,,https://i.scdn.co/image/ab67616d00004851d3f153ce1edf1586eb016d53
191,"Four Tries Down","Hater",0,113,"malmo indie","New age","Four Tries Down",2019-08-08,03:46,59,69,0,40,73,0,10,-5,E Minor,4,2019-10-02,3OZCKQKVI5cL2L32y8QhoE,"Fire Records",9A,,https://i.scdn.co/image/ab67616d0000485166205fbe514e4aa4102dd6c9
192,"Nothing is Safe","clipping.",0,126,"escape room, experimental hip hop, industrial hip hop","Pop, Hip Hop","Nothing is Safe",2019-08-14,04:57,92,51,8,5,32,0,0,-8,D Minor,4,2019-10-03,27c82C78XMsMcoCeeVAAF6,"Sub Pop Records",7A,,https://i.scdn.co/image/ab67616d0000485140ae55a202d7c1f9c2779791
193,"Lose Health","Final Body",6,170,"american post-punk","Rock","Nothyng",2019-08-30,05:11,54,56,0,76,30,0,10,-6,A Major,4,2019-10-05,1y8FiF8PSMRwHMMPtMG8Ix,"Final Body",11B,https://p.scdn.co/mp3-preview/cb8ff0554d9864f4d777ee36abd9ed2fec293f55?cid=0dd13485836e45ac9134860ee53d835f,https://i.scdn.co/image/ab67616d000048512759f599892605690d59e253
194,"Small Town Kid","Cuffed Up",15,165,"","","Mother / Father + Small Town Kid",2019-07-31,03:27,35,95,0,0,35,10,0,-5,C♯/D♭ Minor,4,2019-10-07,7CMNAKCA8OHHC3s6jC0cjG,"Cuffed Up",12A,https://p.scdn.co/mp3-preview/14a845412378782fd91abdd69bc5bd32204e9633?cid=0dd13485836e45ac9134860ee53d835f,https://i.scdn.co/image/ab67616d0000485126f0a2048a469c5ffe43628c
195,"Jets","Empty Country",0,118,"countrygaze","Folk/Acoustic","Ultrasound",2019-08-07,03:47,36,41,12,56,7,0,30,-9,C♯/D♭ Major,4,2019-10-08,7uXXAxVvXZH8A0mPKcpQBU,"Tiny Engines",3B,,https://i.scdn.co/image/ab67616d000048511d4ffb3450eb5b9aada99a19
196,"I Dream Guillotine","IDLES",0,119,"bristol indie, crank wave, modern rock","Rock","I Dream Guillotine",2019-08-02,03:56,43,84,0,0,22,0,0,-6,C Major,4,2019-10-09,0JmUlggofDBeEbOYi6iEhv,"Partisan Records",8B,,https://i.scdn.co/image/ab67616d0000485152176a69537c704d12796013
197,"Eat, Sleep, Wake (Nothing But You) - Single Version","Bombay Bicycle Club",0,117,"british indie rock, chamber pop, indie rock, indietronica, modern rock, shimmer pop","Rock, Pop","Eat, Sleep, Wake (Nothing But You)",2019-08-27,03:38,60,82,0,77,29,0,50,-8,C♯/D♭ Minor,4,2019-10-10,30Ih2VLYmGIWameeQeyaDr,"Mmm...Records",12A,,https://i.scdn.co/image/ab67616d0000485139477adfb63dc76ada7bb205
198,"Who You Are","Moon Palace",0,126,"","","Shadowcast",2019-08-23,03:21,46,50,11,71,53,0,10,-11,C Major,4,2019-10-11,1XHMDCjQ5z3viMasOhGQSe,"Moon Palace",8B,https://p.scdn.co/mp3-preview/b331f9b1ec1d3ebd2f1d25e43ed550e6a0c4f9af?cid=0dd13485836e45ac9134860ee53d835f,https://i.scdn.co/image/ab67616d00004851b93b223d9b9e1f1e70f734cd
199,"Lushootseed Is Alive","Calina Lawrence",3,172,"native american hip hop","Hip Hop","Lushootseed Is Alive",2019-08-19,03:09,62,48,28,0,69,60,0,-9,C♯/D♭ Major,3,2019-10-14,7fyyVJeeaZ0kgWDGd1njoo,"Calina Lawrence",3B,https://p.scdn.co/mp3-preview/a99e82aef71d7cbc4944204a3731bf2ff3b3151b?cid=0dd13485836e45ac9134860ee53d835f,https://i.scdn.co/image/ab67616d000048515a683bd33c29ab19f1b054cd
200,"Glad I Found You","Silver Jackson",0,123,"alaska indie","Country","It's Glimmering Now",2012-01-01,02:12,59,47,88,0,57,0,10,-7,A Minor,4,2019-10-15,5EI0JUF7fpKBA5noBLZrOa,"Homeskillet Records",8A,https://p.scdn.co/mp3-preview/85a658491fe799785817c90ced64f048fec21aa9?cid=0dd13485836e45ac9134860ee53d835f,https://i.scdn.co/image/ab67616d000048510773e0c32f0770724e1ef28f
201,"Cuando Muere una Lengua","Ampersan,Rubén Albarrán",6,107,"nuevo folklore mexicano, merida indie","Latin","Cuando Muere una Lengua",2019-08-09,05:52,48,56,27,1,19,30,10,-10,B Minor,3,2019-10-16,5KtSS8cD5jpjivZusgxSgV,"Ampersan",10A,https://p.scdn.co/mp3-preview/3899f842743b1782459b49e8b4c32fd58dab81b5?cid=0dd13485836e45ac9134860ee53d835f,https://i.scdn.co/image/ab67616d0000485141fd69d3400443623ea833a6
202,"Ode Ni Ire","Afrosideral,Kumar Sublevao-Beat,Nickodemus",0,120,"cuban electronic, bboy, electro jazz, funky breaks, nu jazz","R&B, Electronic, Jazz","El Olimpo de los Orishas",2019-09-13,06:58,89,72,6,0,59,10,10,-8,D Major,4,2019-10-17,7qxPNqZn4HZWd7JCR9QAxZ,"Wonderwheel Recordings",10B,,https://i.scdn.co/image/ab67616d0000485126d329f1c8aa2374aaedbee2
203,"The OG","The Halluci Nation,Black Bear",27,111,"canadian indigenous hip hop, canadian indigenous music, escape room, ottawa rap, ","Hip Hop, Folk/Acoustic, Pop","The OG",2019-07-08,03:31,81,86,3,47,66,20,70,-4,A#/B♭ Minor,4,2019-10-18,4S9lAUqvr4EWhIYSaVAVKj,"Radicalized Records",3A,https://p.scdn.co/mp3-preview/b17060c5b6bca6ac3414390a9c9e7cb38982622e?cid=0dd13485836e45ac9134860ee53d835f,https://i.scdn.co/image/ab67616d000048513e847f7bb502a92dd29b5cac
204,"High Alice","Jenny Hval",0,184,"art pop, electra, norwegian experimental, spectra","Pop, Jazz","The Practice of Love",2019-09-13,04:46,61,91,2,70,71,0,0,-9,C♯/D♭ Minor,4,2019-10-21,1rjcw1ZoJrsYwM2dsW6Oic,"Sacred Bones Records",12A,,https://i.scdn.co/image/ab67616d0000485158a6c966965ae9f8354c6878
205,"Space is the Place","Ezra Collective",50,91,"british jazz, indie soul","Jazz, R&B","You Can't Steal My Joy",2019-04-26,02:34,62,26,72,93,41,0,10,-14,C♯/D♭ Major,4,2019-10-22,38PFECJBX4yGhiHFH9XgYX,"Enter The Jungle",3B,https://p.scdn.co/mp3-preview/5dd9c4107d0dad6716e87f5c6ed3c06ca9920530?cid=0dd13485836e45ac9134860ee53d835f,https://i.scdn.co/image/ab67616d000048514c6cdbbeac774afd5b9014ef
206,"Match Bet","Squid",0,166,"brighton indie, crank wave, egg punk, english indie rock, uk post-punk revival","Rock","Match Bet",2019-08-29,04:18,40,74,3,21,40,0,0,-6,A Minor,4,2019-10-23,5EdXE7FknapGSFzfqWYb73,"Speedy Wunderground / [PIAS]",8A,,https://i.scdn.co/image/ab67616d00004851a63c368142fc9739f7131863
207,"Gnarbone","Penelope Isles",0,159,"brighton indie, isle of man indie","Rock, World/Traditional","Until The Tide Creeps In",2019-07-12,07:13,27,77,4,76,17,0,0,-11,F#/G♭ Major,4,2019-10-24,0egakWkwwbEVLsEaYfOgca,"Bella Union",2B,,https://i.scdn.co/image/ab67616d000048519f58b96259d3d8b69aa3083e
208,"If You Do","The Rallies",0,133,"modern power pop","Pop","Upside Down",2019-08-30,03:22,50,69,0,0,68,0,0,-6,E Major,4,2019-10-26,447nSAriFZnLcCtFxxci0M,"The Rallies",12B,https://p.scdn.co/mp3-preview/689828c0018153bb4f810306efa910e0c46ab310?cid=0dd13485836e45ac9134860ee53d835f,https://i.scdn.co/image/ab67616d000048518febe29c7a9d092fb6ba3284
209,"Gloria","The Shivas",19,120,"portland indie","Rock","Dark Thoughts",2019-10-25,03:36,38,88,0,0,35,0,60,-8,A Minor,4,2019-10-28,0yhkC6ABQzhqpY9Z887Xdr,"Tender Loving Empire",8A,https://p.scdn.co/mp3-preview/2044de73b901fa169758ed6ee69fa2dc78985135?cid=0dd13485836e45ac9134860ee53d835f,https://i.scdn.co/image/ab67616d00004851d9156801f039961939ae6941
210,"I Got Your Moves","Dirty Rugs",1,173,"","","I Got Your Moves",2019-09-06,03:28,50,96,0,3,76,0,30,-5,B Major,4,2019-10-29,2OkIfHYSoWuFrRNyvbnOQa,"Dirty Rugs",1B,https://p.scdn.co/mp3-preview/4df1f6ec2648c170fdb0957c4e57c623601c479e?cid=0dd13485836e45ac9134860ee53d835f,https://i.scdn.co/image/ab67616d000048514c5e40918364c99daa1b05c7
211,"I Believe You","Dead Soft",14,117,"indie punk, vancouver indie, vancouver punk","Rock","Big Blue",2019-10-18,05:14,26,86,4,0,20,0,10,-7,A#/B♭ Major,4,2019-10-30,3rryXbWYvX9FNaBIg1RAi8,"Arts & Crafts Productions Inc.",6B,,https://i.scdn.co/image/ab67616d00004851ab8f6f140d6878540840c658
212,"We Can Get Together (feat. Tilson XOXO)","SISTERS,Tilson XOXO",1,151,"","","We Can Get Together (feat. Tilson XOXO)",2019-09-06,03:34,56,55,1,0,47,0,90,-5,D Major,4,2019-10-31,5UkkL50imIkxYO2abHWf2O,"Tender Loving Empire",10B,https://p.scdn.co/mp3-preview/21411ff558c9d84e6be5acceb90442063afb2175?cid=0dd13485836e45ac9134860ee53d835f,https://i.scdn.co/image/ab67616d00004851021f9be19585812260df40ec
213,"Bloom","Great Grandpa",19,97,"5th wave emo, bubblegrunge, diy emo, indie punk, seattle indie","Rock","Four of Arrows",2019-10-25,04:22,24,49,22,6,13,0,10,-9,A#/B♭ Major,4,2019-11-01,4Q6vSRNhlqir4RxprComcT,"Big Scary Monsters",6B,https://p.scdn.co/mp3-preview/9479d85aab65430b4b0dc68639ecfe11d5245cf2?cid=0dd13485836e45ac9134860ee53d835f,https://i.scdn.co/image/ab67616d0000485183784d1ca1f6f6bd7e92197e
214,"Forever on Your Mind - Single Version","Mammút",5,92,"icelandic post-punk, icelandic rock","Rock","Forever on Your Mind - Single Version",2019-10-11,04:50,61,64,3,1,31,0,10,-8,G Minor,4,2019-11-04,7qbHlsv3XIoOMSU5yn744g,"Karkari Records",6A,https://p.scdn.co/mp3-preview/03fff8d3ff56449795e6e7a165780df6ba845062?cid=0dd13485836e45ac9134860ee53d835f,https://i.scdn.co/image/ab67616d000048518145c547001c59460f7d6f24
215,"Taking A Part Of Me","JFDR",0,95,"icelandic indie","Classical","Taking A Part Of Me",2019-10-16,03:25,68,57,44,39,34,0,0,-15,G Major,4,2019-11-05,76Uf404HTNUGieMIq9P5uU,"Krunk",9B,,https://i.scdn.co/image/ab67616d00004851f7475dd8c6955f487e110403
216,"Lætur mig","GDRN,Floni,Ra:tio",0,140,"icelandic pop, icelandic electronic, icelandic hip hop","Electronic, Hip Hop, Pop","Hvað ef",2018-08-17,03:45,73,36,3,0,42,0,10,-9,B Major,4,2019-11-06,0bnCxmktCsoiwb1Witnnrd,"Alda Music",1B,,https://i.scdn.co/image/ab67616d000048519a2a1158ff1f5d76e1eb40e2
217,"Waterphone","Seabear",11,150,"icelandic indie, icelandic pop","Classical, Pop","Waterphone",2019-10-25,04:18,42,67,20,6,48,0,10,-10,F Major,4,2019-11-07,39Q6PWaQr5IDIbK7ADvUHi,"Morr Music",7B,https://p.scdn.co/mp3-preview/bab626b8dfe07cd833ac0a41508c351f4bb1a2b0?cid=0dd13485836e45ac9134860ee53d835f,https://i.scdn.co/image/ab67616d00004851364552f345597be0c2a5532a
218,"Januar","Svavar Knútur",9,77,"icelandic folk, icelandic indie, icelandic pop, icelandic singer-songwriter, sunnlensk tonlist","Folk/Acoustic, Classical, Pop","Januar",2019-09-27,04:32,48,91,0,0,80,0,0,-8,B Minor,4,2019-11-08,5YZcw0kWhDHdH1IL714eEM,"Dimma",10A,https://p.scdn.co/mp3-preview/8c03575aa9ddca849b7512627714e5d5e7505484?cid=0dd13485836e45ac9134860ee53d835f,https://i.scdn.co/image/ab67616d000048512dbf42fbb9aaee2e8b2cb609
219,"Rare Thing","Frances Quinlan",0,120,"bubblegrunge","Rock","Rare Thing",2019-10-22,03:30,82,70,38,0,73,0,10,-5,F Major,4,2019-11-11,5SXLS5bfDRXHjdpZQKRkX4,"Saddle Creek",7B,,https://i.scdn.co/image/ab67616d0000485162b23b3059049a68f0143d70
220,"Red Shoulder","Squirrel Flower",0,132,"boston indie, bubblegrunge, countrygaze","Rock, Folk/Acoustic","Red Shoulder",2019-10-24,03:14,41,51,1,0,27,0,10,-7,F#/G♭ Minor,4,2019-11-12,2enHVie9gi4UVJZHFLSPVc,"Full Time Hobby",11A,,https://i.scdn.co/image/ab67616d00004851c1f4d59bda272b0ea58cc8ed
221,"Grand cheval","Corridor",0,110,"indie quebecois","Blues","Junior",2019-10-18,03:52,61,69,5,33,52,0,10,-7,A Minor,4,2019-11-13,3WBF3vdtp4GUU6T0iaIpKN,"Sub Pop Records",8A,,https://i.scdn.co/image/ab67616d000048512a82315e06ae3cdfd66257c2
222,"Petty Thieving","FEET",29,175,"crank wave, english indie rock","Rock","What's Inside is More Than Just Ham",2019-10-04,04:01,41,88,0,0,44,0,10,-4,C Major,4,2019-11-14,6Hd5KGBKMA7DMIqFBorgw8,"Clapped Records",8B,https://p.scdn.co/mp3-preview/e30c059172f1982c051b96553139f69f2a7e9b32?cid=0dd13485836e45ac9134860ee53d835f,https://i.scdn.co/image/ab67616d00004851bf78f979b87b61327b2201ad
223,"Turn Up the Radio","Jenn Champion,Victor Le Masne",0,130,"seattle indie, ","Rock","Turn Up the Radio",2019-08-21,03:18,76,50,7,0,85,0,0,-8,C♯/D♭ Major,4,2019-11-15,68q8Feq2Sb81ouh6NpciI4,"Hardly Art",3B,,https://i.scdn.co/image/ab67616d000048512928dd73b7ad9042f836d45a
224,"Steep Angles","Carter Tanton",0,173,"","","Steep Angles",2021-02-23,04:09,30,39,32,1,17,0,0,-9,F#/G♭ Minor,3,2019-11-18,4SdsDftYDF1vaZ4oiKX5Gj,"Western Vinyl",11A,,https://i.scdn.co/image/ab67616d000048513c017c5434adf3677d57dbb3
225,"You shine on me","HOLY,Boys",0,135,"neo-psychedelic, stockholm indie, umea indie","Folk/Acoustic, Pop, New age","You shine on me",2019-10-04,04:52,39,65,0,0,28,0,30,-9,A#/B♭ Major,4,2019-11-19,0xYJP9KGtmIw0ypRPeowj1,"PNKSLM Recordings",6B,,https://i.scdn.co/image/ab67616d000048518973e78a17a06e9d446dc4f2
226,"Confessions","Sudan Archives",0,102,"afrofuturism, alternative r&b, experimental r&b, indie soul, la pop","R&B, Pop","Athena",2019-11-01,02:53,54,40,4,0,28,0,10,-6,D Major,4,2019-11-20,1F9PIPNJBm53MvB6QCDQFn,"Stones Throw",10B,,https://i.scdn.co/image/ab67616d00004851b5cbf49d2e26a866b7253d1e
227,"Leisure Time","Eyesore & the Jinx",0,96,"uk post-punk revival","Rock","Leisure Time",2019-09-24,02:49,63,56,0,6,77,0,10,-8,A#/B♭ Minor,4,2019-11-21,0JnsAiKvfbyeQ3lcUMW0Hc,"Eggy Records",3A,,https://i.scdn.co/image/ab67616d0000485157295c5e4c00a3e92d9a6f6e
228,"Crows","Sera Cahoone,Tomo Nakayama",17,112,"indie folk, ","Folk/Acoustic","Crows",2019-10-15,03:32,68,57,59,0,85,0,0,-8,D Major,4,2019-11-23,3dpqNaj9THnD9X6UPks2FV,"Sera Cahoone & Tomo Nakayama",10B,https://p.scdn.co/mp3-preview/108de59002db09b8caa93ba5d0e250759dee8e2f?cid=0dd13485836e45ac9134860ee53d835f,https://i.scdn.co/image/ab67616d000048511a4fcb4471fdf2c20e0afb87
229,"charlie","Oso Oso",24,170,"alternative emo, bubblegrunge, emo, indie punk, midwest emo","Rock","basking in the glow",2019-08-16,04:36,41,54,13,0,14,0,10,-6,F#/G♭ Major,4,2019-11-25,7uNvxmsrzh4AKlTyznpL5e,"Triple Crown Records",2B,https://p.scdn.co/mp3-preview/40eddd415a5055ac525a243bbafacb740e8550c8?cid=0dd13485836e45ac9134860ee53d835f,https://i.scdn.co/image/ab67616d000048514bb096b9cc76e7342fe65a8d
230,"conventional ride","Marika Hackman",16,130,"ambient folk","Folk/Acoustic","Any Human Friend",2019-08-09,04:10,55,83,0,8,44,0,10,-7,F Major,4,2019-11-26,2s30KXFLxnyH9CHKoO3Yum,"AMF Records",7B,https://p.scdn.co/mp3-preview/217c2a65b1d740f6c6451a0e1dabe66228afac75?cid=0dd13485836e45ac9134860ee53d835f,https://i.scdn.co/image/ab67616d000048514c31ba58654a34867087b85f
231,"Dream Cleaver","Death Valley Girls",0,132,"action rock, indie punk, la indie","Rock, Pop","Dream Cleaver",2019-08-09,03:13,45,89,0,74,67,0,30,-6,A Minor,4,2019-11-27,6cQvUX1oh4OhflMzAr1OCQ,"Suicide Squeeze Records",8A,,https://i.scdn.co/image/ab67616d00004851c19ccb038092f4324188ae0b
232,"Hardly to Blame","Sheer Mag",1,130,"indie punk, indie rock, philly indie","Rock","A Distant Call",2019-08-23,03:07,65,90,0,86,82,0,0,-6,D Major,4,2019-11-28,0x5JYHZbiApyi17eriw0eC,"Sheer Mag LLC",10B,,https://i.scdn.co/image/ab67616d00004851e748a0869d023db45217d232
233,"25, Alive","Oh, Rose",0,160,"olympia wa indie","Rock","While My Father Sleeps",2019-08-23,02:43,41,70,15,3,53,0,0,-5,F Major,4,2019-11-29,6CzJOMgkdsVcg84rlwCGX6,"Park The Van",7B,,https://i.scdn.co/image/ab67616d00004851a715eb8ca287055ef4d1be56
234,"Supermoon","Charly Bliss",0,129,"bubblegrunge, indie punk, modern power pop","Rock, Pop","Supermoon",2019-10-30,03:04,59,83,0,0,63,0,10,-5,B Minor,4,2019-12-02,3mHc137C0W9u8OVYYhRqrb,"Lucky Number",10A,,https://i.scdn.co/image/ab67616d00004851e7a9c8def08de8b203f323b4
235,"Vodník","Katarina Malikova",11,100,"slovak indie","Rock","Postalgia",2019-11-08,05:37,54,76,1,3,14,0,0,-11,D Major,4,2019-12-03,3WQM1BqkQtOTYbtr40n5Zq,"Slnko Records",10B,https://p.scdn.co/mp3-preview/d5e1fb4ecfaf6b6d6f7414b2e8d34803bbd2f873?cid=0dd13485836e45ac9134860ee53d835f,https://i.scdn.co/image/ab67616d000048518bf2475eda6344c4eedb5dc3
236,"Keep On Going","SONS",16,113,"belgian indie, belgian indie rock","Rock","Family Dinner",2019-04-19,02:11,37,98,0,4,39,0,30,-6,A Major,4,2019-12-05,2sgG7NStd4lWp9dCnR2q4l,"Virgin Music Label And Artist Services Benelux",11B,,https://i.scdn.co/image/ab67616d0000485132e0bb4d58dc9879420b87f1
237,"We Have It Right Here","Æ MAK",0,98,"art pop, irish pop, modern alternative pop","Pop","We Have It Right Here",2019-03-01,03:39,75,31,88,0,49,0,10,-11,F Major,4,2019-12-05,6ATBpgW1p58ICuA6gavVU9,"Spinnup",7B,,https://i.scdn.co/image/ab67616d00004851441189d22e5bbd0c068e0877
238,"I Liked It When You Weren't Yourself","The Sunday League",0,115,"","","I Liked It When You Weren't Yourself",2019-10-21,03:55,52,88,0,4,72,0,10,-6,C Major,4,2019-12-09,2LBHdysC0PGk0TcvbBGCn5,"The Sunday League",8B,https://p.scdn.co/mp3-preview/e847ae54c73c53c5868ba989cd3bfebfd7f53444?cid=0dd13485836e45ac9134860ee53d835f,https://i.scdn.co/image/ab67616d000048519023f55f0e971d8afc2576ec
239,"Between Me and My Maker","Kele",0,114,"","","2042",2019-11-08,05:59,60,74,8,0,22,0,0,-8,B Minor,4,2019-12-11,0IP7hdr19iulaCFaG76swg,"Kola",10A,,https://i.scdn.co/image/ab67616d0000485125b79b20131766449d32bc5a
240,"On Your Side","The Innocence Mission",0,112,"ambient folk, lancaster pa indie","Folk/Acoustic, Rock","On Your Side",2019-10-29,03:34,46,38,98,4,15,0,10,-8,A Major,4,2019-12-11,1RFIbRO3epdU3BR1fQHVm3,"Bella Union",11B,,https://i.scdn.co/image/ab67616d00004851c2d0f690cab442d937fb9d6c
241,"She Knows","Graham Coxon",26,130,"britpop, solo wave","Pop, Rock","She Knows",2019-11-04,03:04,54,45,12,0,18,0,20,-8,A Minor,4,2019-12-12,0ghXz4kvDCkdwStXOeHp6i,"Graham Coxon",8A,https://p.scdn.co/mp3-preview/1453589ef62d261ac289e1041fcb7a4d9ff0a09b?cid=0dd13485836e45ac9134860ee53d835f,https://i.scdn.co/image/ab67616d00004851f516fb15999dfd656461c54d
242,"High Rise","Somesurprises",0,140,"neo-kraut","Folk/Acoustic","somesurprises",2019-09-20,05:08,17,75,36,87,13,0,20,-7,A Major,4,2019-12-13,6pcyGiFry1qnMRt2CZRjNy,"Drawing Room Records",11B,,https://i.scdn.co/image/ab67616d0000485152ee3b46a37b61ef1618734b
243,"Howl","Avalanche Party",15,137,"english indie rock","Rock","24 Carat Diamond Trephine",2019-11-22,03:04,34,88,4,0,43,0,0,-5,B Major,4,2019-12-16,7l2BfZYKC02w9RpaAVITMT,"So Knee Records",1B,https://p.scdn.co/mp3-preview/5c227c56963191b6f18953488451d04f1bc95dfd?cid=0dd13485836e45ac9134860ee53d835f,https://i.scdn.co/image/ab67616d00004851cc93fed3b7529956d5017aed
244,"Against the Day","Wolf Parade",0,125,"canadian indie, indie rock, indietronica, noise pop, quebec indie","Rock, Pop","Against the Day",2019-10-16,04:12,52,86,3,0,70,0,20,-5,D#/E♭ Major,4,2019-12-17,2E73KHhNlLFZBg4rmWyJmO,"Sub Pop Records",5B,,https://i.scdn.co/image/ab67616d00004851f61e7e4787dfa379817a5d2a
245,"Holding Pattern","Allah-Las",32,122,"indie surf, neo-psychedelic, noise pop","Rock, Folk/Acoustic, Pop","LAHS",2019-10-11,04:08,56,59,15,28,67,0,10,-10,G Major,4,2019-12-18,3AgP1bWrMhphrYOWxDe8iz,"Mexican Summer",9B,https://p.scdn.co/mp3-preview/63cee5b58ad4723e072b93e39134b24efa4d8165?cid=0dd13485836e45ac9134860ee53d835f,https://i.scdn.co/image/ab67616d000048515cba284c7035743cd4cba086
246,"You and I","Caribou",0,112,"alternative dance, art pop, electronica, folktronica, indietronica, intelligent dance music, trip hop","Rock, Pop, Electronic, Folk/Acoustic, New age","You and I",2019-12-04,04:03,73,50,7,12,48,0,10,-8,A Minor,4,2019-12-19,7g1viTjOfJeukhFPjv9Osf,"City Slang",8A,,https://i.scdn.co/image/ab67616d00004851654b44976f1e4293ab218d4f
247,"IUD","Lisa Prank",0,163,"bubblegrunge, indie punk","Rock","Perfect Love Song",2019-10-04,02:11,29,84,3,0,68,0,10,-5,C Major,4,2019-12-20,44gc3t8ot6UAwBnAktxUp7,"Father/Daughter Records",8B,,https://i.scdn.co/image/ab67616d00004851b410e8584a34cfab5506cec9
248,"Christmas Time Is Here (Uh Oh)","Telekinesis",0,164,"seattle indie","Rock","Christmas Time Is Here (Uh Oh)",2019-10-25,02:05,48,74,13,0,74,0,0,-7,G Major,4,2019-12-23,1lRguREWXLzSfDUt2rpuTM,"Merge Records",9B,,https://i.scdn.co/image/ab67616d00004851aa58d29968c5bcf93755132e
249,"No Gifts for Nazis","Alice Bag",0,197,"chicano punk","Rock","No Gifts for Nazis",2019-11-29,01:58,16,97,1,0,33,10,20,-3,D Major,4,2019-12-24,0sFD6c8X9WuhurRhRZKiB1,"Get Better",10B,,https://i.scdn.co/image/ab67616d00004851a17ca6ebf6eb2101800a03c6
250,"Kimchi for Christmas","Champagne Honeybee",1,119,"","","Kimchi for Christmas",2014-11-18,02:20,62,37,84,0,44,0,10,-10,C Major,4,2019-12-26,7lK0I0jaEYcbtpVdCkLARk,"Champagne Honeybee",8B,https://p.scdn.co/mp3-preview/9324051fe3116bfa22ef1bceb2c2f79102ebf873?cid=0dd13485836e45ac9134860ee53d835f,https://i.scdn.co/image/ab67616d00004851f29da91be4993ba4c9b0c60f
251,"Coconut","The Pack a.d.",0,109,"canadian garage rock, garage rock, garage rock revival, modern blues rock, vancouver indie","Rock, Blues","Coconut",2016-12-30,01:49,42,92,0,0,8,10,10,-4,C♯/D♭ Minor,4,2019-12-27,6i0gXZB9IZ670grLaAUUNM,"Cadence Music",12A,https://p.scdn.co/mp3-preview/0234dea253879b9f242b0e4a39e9ee61ea55f127?cid=0dd13485836e45ac9134860ee53d835f,https://i.scdn.co/image/ab67616d00004851d2e07084eea5545a7869fa52
252,"Flowers of Light","Caspian",0,144,"american post-rock, boston rock, instrumental post-rock, post-rock","Rock","Flowers of Light",2019-11-14,05:01,47,94,0,90,29,0,20,-5,B Minor,1,2020-01-06,3xAeu8CO2VIJsWiHuD2g4n,"Triple Crown Records",10A,,https://i.scdn.co/image/ab67616d0000485132928602f1e1b320d29ae6e6
253,"Riding Solo","Hinds",0,176,"bubblegrunge, indie surf","Rock","Riding Solo",2019-12-03,03:36,40,91,0,20,54,0,20,-5,D Major,4,2020-01-06,3DSR37UmPY0V3Q8GFwPMIR,"Lucky Number",10B,,https://i.scdn.co/image/ab67616d00004851053d8ad11b81e5477acb8c5b